-- MySQL dump 10.16  Distrib 10.2.36-MariaDB, for Linux (x86_64)
--
-- Host: localhost    Database: mateprepa
-- ------------------------------------------------------
-- Server version	10.2.36-MariaDB

/*!40101 SET @OLD_CHARACTER_SET_CLIENT=@@CHARACTER_SET_CLIENT */;
/*!40101 SET @OLD_CHARACTER_SET_RESULTS=@@CHARACTER_SET_RESULTS */;
/*!40101 SET @OLD_COLLATION_CONNECTION=@@COLLATION_CONNECTION */;
/*!40101 SET NAMES utf8 */;
/*!40103 SET @OLD_TIME_ZONE=@@TIME_ZONE */;
/*!40103 SET TIME_ZONE='+00:00' */;
/*!40014 SET @OLD_UNIQUE_CHECKS=@@UNIQUE_CHECKS, UNIQUE_CHECKS=0 */;
/*!40014 SET @OLD_FOREIGN_KEY_CHECKS=@@FOREIGN_KEY_CHECKS, FOREIGN_KEY_CHECKS=0 */;
/*!40101 SET @OLD_SQL_MODE=@@SQL_MODE, SQL_MODE='NO_AUTO_VALUE_ON_ZERO' */;
/*!40111 SET @OLD_SQL_NOTES=@@SQL_NOTES, SQL_NOTES=0 */;

--
-- Current Database: `mateprepa`
--

CREATE DATABASE /*!32312 IF NOT EXISTS*/ `mateprepa` /*!40100 DEFAULT CHARACTER SET utf8 COLLATE utf8_unicode_ci */;

USE `mateprepa`;

--
-- Temporary table structure for view `clasificatoria`
--

DROP TABLE IF EXISTS `clasificatoria`;
/*!50001 DROP VIEW IF EXISTS `clasificatoria`*/;
SET @saved_cs_client     = @@character_set_client;
SET character_set_client = utf8;
/*!50001 CREATE TABLE `clasificatoria` (
  `equipo_nombre` tinyint NOT NULL,
  `escuela_cct` tinyint NOT NULL,
  `escuela_nombre` tinyint NOT NULL,
  `puntos` tinyint NOT NULL
) ENGINE=MyISAM */;
SET character_set_client = @saved_cs_client;

--
-- Table structure for table `comite`
--

DROP TABLE IF EXISTS `comite`;
/*!40101 SET @saved_cs_client     = @@character_set_client */;
/*!40101 SET character_set_client = utf8 */;
CREATE TABLE `comite` (
  `comite_id` varchar(20) COLLATE utf8_unicode_ci NOT NULL,
  `comite_nombre` varchar(255) COLLATE utf8_unicode_ci NOT NULL,
  `comite_clave` varchar(255) COLLATE utf8_unicode_ci NOT NULL,
  `comite_rol` tinyint(2) unsigned NOT NULL,
  `comite_correo` varchar(255) COLLATE utf8_unicode_ci NOT NULL,
  `comite_fechaRegistro` timestamp NOT NULL DEFAULT current_timestamp() ON UPDATE current_timestamp(),
  `comite_activo` tinyint(1) unsigned NOT NULL,
  `comite_edicion` year(4) NOT NULL,
  PRIMARY KEY (`comite_id`),
  KEY `comite_rol` (`comite_rol`),
  CONSTRAINT `comite_ibfk_1` FOREIGN KEY (`comite_rol`) REFERENCES `rol_usuario` (`rol_id`)
) ENGINE=InnoDB DEFAULT CHARSET=utf8 COLLATE=utf8_unicode_ci;
/*!40101 SET character_set_client = @saved_cs_client */;

--
-- Dumping data for table `comite`
--

LOCK TABLES `comite` WRITE;
/*!40000 ALTER TABLE `comite` DISABLE KEYS */;
INSERT INTO `comite` VALUES ('202346141','ibdfFA','599f3429330f26ac',3,'uiuad@ihvs.com','2024-04-19 22:33:45',1,2023),('202407254','jiagfuia','6753f44118f41e0e',2,'legipex344@acname.com','2024-04-22 04:55:50',1,2024),('2024236414','Xavi','7ea55f0f20dc364a',2,'iohaf@igbnew.com','2024-05-02 07:07:27',1,2024),('2024267833','Señor SEitan','c8f473bc7a482335',2,'iahfisf@jnguiw.com','2024-05-02 07:06:01',1,2024),('2024274419','Ki adi Mundi','9e6cf640f96433f1',2,'rocini8567@agafx.com','2024-05-03 06:55:10',1,2024),('20242Desconocido','Maria Fernanda Padres Robles','e45259ecb71850e4',2,'mafyepadri@gufum.com','2024-05-24 20:25:50',1,2024),('202431564','Adrianzote','a79db501688968fb',3,'lifif13617@funvane.com','2024-04-25 06:28:08',1,2024),('2024348143','asnjifba','5958f5f0cf1fb521',3,'asjbfa@oihgwe.com','2024-05-02 07:57:32',1,2024),('2024371345','Xabi','b74df31227aa6cd0',3,'jifha@uihgw.com','2024-05-02 07:09:34',1,2024),('2024384635','Madara','e06f02f343d27890',3,'fabian@unison.com','2024-05-03 08:37:56',1,2024),('202452538','Tipo 1','666c273b63e74fc3',2,'kohaboj924@abnovel.com','2024-04-15 18:52:01',1,2024),('202456266','Fulanito','cd3716228f3fda59',2,'sogegiw753@centerf.com','2024-04-13 01:17:46',1,2024),('202464926','Tipo 2','ca4eff1d3815175c',2,'jomelek669@abnovel.com','2024-04-15 19:08:22',1,2024),('202482562','Tipo 3','e27ac1fbe186a57b',2,'heyif37622@eryod.com','2024-04-15 19:12:46',1,2024),('202484613','uihfuaf','780e5f5b6d28badc',3,'wigela1786@centerf.com','2024-04-12 23:43:10',1,2024),('202484635','Mace Windu','5a84a8e7ef390353',3,'ConsejoJedi@unison.mx','2024-04-13 02:36:32',1,2024),('202524814','hagrya','d6b7bf7eefe9314e',2,'deyir53985@acname.com','2024-04-22 04:43:43',1,2025),('2025274419','Ki adi Mundi','bdfb984858a81b67',2,'rocini8567@agafx.com','2024-05-03 06:57:41',1,2025),('202531564','Adrian Vázquez Osorio','a44f5ee62275fc96',3,'adrianvo@gmail.com','2024-04-15 20:45:56',1,2025),('2025372352','Ploo Koon','08af01d6dcd611c9',3,'jeyov32178@goulink.com','2024-05-08 08:37:06',1,2025),('2025384635','Mace Windu','4ff2af9cc16a5078',3,'ConsejoJedi@unison.mx','2024-05-03 08:36:41',1,2025),('2026274419','Ki adi Mundi','113128ace22b5545',2,'rocini8567@agafx.com','2024-05-03 07:05:49',1,2026),('203031564','Adriancito','318615f5a4c29d68',2,'dolera2878@buzblox.com','2024-04-25 06:08:53',1,2030);
/*!40000 ALTER TABLE `comite` ENABLE KEYS */;
UNLOCK TABLES;

--
-- Table structure for table `concursante`
--

DROP TABLE IF EXISTS `concursante`;
/*!40101 SET @saved_cs_client     = @@character_set_client */;
/*!40101 SET character_set_client = utf8 */;
CREATE TABLE `concursante` (
  `concursante_id` int(10) unsigned NOT NULL AUTO_INCREMENT,
  `concursante_curp` char(18) COLLATE utf8mb4_unicode_ci NOT NULL,
  `concursante_nombres` varchar(255) COLLATE utf8mb4_unicode_ci NOT NULL,
  `concursante_prim_apellido` varchar(255) COLLATE utf8mb4_unicode_ci NOT NULL,
  `concursante_segu_apellido` varchar(255) COLLATE utf8mb4_unicode_ci DEFAULT NULL,
  `concursante_correo` varchar(255) COLLATE utf8mb4_unicode_ci NOT NULL,
  `concursante_equipo` int(10) unsigned NOT NULL,
  PRIMARY KEY (`concursante_id`),
  KEY `concursante_equipo` (`concursante_equipo`),
  CONSTRAINT `concursante_ibfk_1` FOREIGN KEY (`concursante_equipo`) REFERENCES `equipo` (`equipo_id`)
) ENGINE=InnoDB AUTO_INCREMENT=1330 DEFAULT CHARSET=utf8mb4 COLLATE=utf8mb4_unicode_ci;
/*!40101 SET character_set_client = @saved_cs_client */;

--
-- Dumping data for table `concursante`
--

LOCK TABLES `concursante` WRITE;
/*!40000 ALTER TABLE `concursante` DISABLE KEYS */;
INSERT INTO `concursante` VALUES (691,'VAOA750708HSRZSD00','adrian','vázquez','osorio','adrianvo@gmail.com',244),(692,'VAOA750506HSRZSD00','norma alicia','icedo','ayala','adrianvo@hotmail.com',244),(693,'VAOA970416HSRZSD00','emilio','vazquez','icedo','adrianvo@hotmail.com',244),(694,'VAOA750708HSRZSD00','Adrian','Vazquez','Osorio','adrianvo@mat.uson.mx',245),(695,'VAOA750708HSRZSD01','Adrian1','Vazquez1','Osorio1','adrianvo@mat.uson.mx',245),(696,'VAOA750708HSRZSD02','Adrian2','Vazquez2','Osorio2','adrianvo@mat.uson.mx',245),(697,'VAOA750708HSRZSD03','Adrian03','Vazquez03','Osorio03','adrianvo@gmail.com',246),(698,'VAOA750708HSRZSD31','Adrian31','Vazquez31','Osorio31','popaf42749@kkoup.com',246),(699,'VAOA750708HSRZSD04','Adrian041','Vazquez041','Osorio041','popaf42749@kkoup.com',246),(700,'VAOA750708HSRZSD05','Adrian05','Vazquez05','Osorio05','adrianvo@gmail.com',247),(701,'VAOA750708HSRZSD06','Adrian06','Vazquez06','Osorio06','adrianvo@gmail.com',247),(702,'VAOA750708HSRZSD07','A07','V07','O07','adrianvo@gmail.com',247),(703,'VAOA750708HSRZSD08','a081','v081','o081','adrianvo@gmail.com',248),(704,'VAOA750708HSRZSD09','a091','v091','o091','adrianvo@gmail.com',248),(705,'VAOA750708HSRZSD10','a101','v101','o101','adrianvo@gmail.com',248),(706,'EIVC890721MSRSLR05','Carolina','Espinoza','Villalva','carolina.espinoza@unison.mx',249),(707,'EIVA851012HSRSLR03','Ana Karina','Espinoza','Villalva','evcarolina@hotmail.com',249),(708,'EIVA851012HSRSLR03','Salvador','Espinoza','Villalva','esvcarolina@gmail.com',249),(709,'VEDM200529HNELZGA6','Miguel Sebastián','Velasco','Díaz','lalovelascobar@gmail.com',250),(710,'VEDR220302MSRLZGA9','María Regina','Velasco','Díaz','lalovelascobar@gmail.com',250),(711,'DISR951226MSRZTY05','Reyna Verónica','Díaz','Soto','reya.sole@hotmail.com',250),(712,'TOEM880822MNECRY01','Mayra','Tocto','Erazo','m.adrian.a.z@gmail.com',251),(713,'TOEM880822MNECRY01','belez','canto','duarte','mayra1555@hotmail.com',251),(714,'TOEM880822MNECRY01','VAZQUEZ','CARAZ','DURAN','a216230035@unison.mx',251),(715,'BAXY641031MSRRXD04','Yadira','Barreras','','lalovelascobar@gmail.com',252),(716,'BAXJ630217HSRRXL09','Julio Cesar','Barreras','','lalovelascobar@gmail.com',252),(717,'DIMF650302HSRZDR00','Francisco','Díaz','Medina','lalovelascobar@gmail.com',252),(718,'VEDM200529HNELZGA6','Miguel Sebastián','Velasco','Díaz','lalovelascobar@gmail.com',253),(719,'VEDM200529HNELZGA6','Miguel Sebastián','Velasco','Díaz','lalovelascobar@gmail.com',253),(720,'VEDM200529HNELZGA6','Miguel Sebastián','Velasco','Díaz','lalovelascobar@gmail.com',253),(721,'TOEM880822MNECRY01','Mayra','Tocto','Erazo','mayra.tocto@gmail.com',254),(722,'TOEM880822MNECRY02','a','b','c','mayra.tocto@gmail.com',254),(723,'TOEM880822MNECRY03','a','b','c','mayra.tocto@gmail.com',254),(724,'TOEM880822MNECRY04','aa','bb','cc','m.adrian.a.z@gmail.com',255),(725,'TOEM880822MNECRY05','dd','ee','ff','m.adrian.a.z@gmail.com',255),(726,'TOEM880822MNECRY06','gg','hh','ii','m.adrian.a.z@gmail.com',255),(727,'TOEM880822MNECRY10','bbb','ccc','ddd','tocto.acuna@gmail.com',256),(728,'TOEM880822MNECRY11','fff','ccc','cccc','tocto.acuna@gmail.com',256),(729,'TOEM880822MNECRY20','f','gg','jjj','tocto.acuna@gmail.com',256),(730,'VAOA750708HSRZSD00','sdfsd','sdf ds','sdf','adrianvo@nada.com',257),(731,'VAOA750708HSRZSD00','fsdf','dsg dfgd','gdf gdfgdf','adrianvo@nada.com',257),(732,'VAOA750708HSRZSD00','hgf hf','f gh fhfg','h fhfg','adrianvo@nada.com',257),(733,'TOEM880822MNECRY10','AA','BB','CC','mayra.tocto@icloud.com',258),(734,'TOEM880822MNECRY20','Mayra','Tocto','Erazo','mayra.tocto@icloud.com',258),(735,'TOEM880822MNECRY30','Manuel','Acuña','Zegarra','mayra.tocto@icloud.com',258),(736,'ROAS060414MSRBHSA1','susana margarita','robles','ahumada','sylmaalessandra@gmail.com',259),(737,'RIME060427HSRVLNA3','enrique alberto','rivas','molina','sylmaalessandra@gmail.com',259),(738,'BAFS061006MSRCRYA9','sylma alessandra','bacame','fernandez','sylmaalessandra@gmail.com',259),(739,'FOAR060323HSRLCMA1','José Ramón','Flores','Acosta','jf21080252@bachilleresdesonora.edu.mx',260),(740,'CEPL070206MSRBLSA5','Leslie Elizabeth','Ceballos','Palomino','lc22180338@bachilleresdesonora.edu.mx',260),(741,'PAMR070216MSRZRBA1','Rubi Patricia','Pazos','Miranda','rp22180261@bachilleresdesonora.edu.mx',260),(742,'GARJ070319MSRRNNA6','Jansel Danai','García','Rendon','janseldanai19@gmail.com',261),(743,'OIHD040701MSRNRNA6','Dina Sofia','Ontiveros','Hernández','dinasofiaontiveros@gmail.com',261),(744,'CARL070316MSRSBZA9','Lizet Zakuri','Castro','Rubio','lizetzacuri@gmail.com',261),(745,'MAAA070322HSRRRBA0','Abel Isaías','Martínez','Aragón','isaiasmtz254@gmail.com',262),(746,'VEHB070404MSRGRRA5','Briseida Adilene','Vega','Heredia','adilenevega088@gmail.com',262),(747,'CELS070906MNERYNA1','Sandra Lucia','Cervantes','Leyva','sandycervantesleyva@gmail.com',262),(748,'VACE060124HSRLRSA6','ESTEBAN AARON','VALDEZ','DE LA CRUZ','valdezdelacruzestebanaaron@gmail.com',263),(749,'PASR060204HSRCRFA8','RAFAEL','PACHECO','SERVIN','psrafa813@gmail.com',263),(750,'GAAF060803HSRRCRA5','FERNANDO','GARCIA','ACOSTA','fernando.acosta.garcia89@gmail.com',263),(751,'TOSE070427MSRNNMA3','Emily','Tong','Sandoval','a01254554@tec.mx',264),(752,'GUAV061215MNERCCA3','Victoria','Guerra','Acuña','A01254545@tec.mx',264),(753,'DEGX070807MSRSMMA4','Ximena','Dessens','Gamboa','a01254518@tec.mx',264),(754,'CORJ070209MSRTDSA6','Joselyn Guadalupe','Cota','Rodríguez','jc22180351@bachilleresdesonora.edu.mx',265),(755,'POEF071221HSRRNRA1','Francisco','Porchas','Enriquez','fp22180684@bachilleresdesonora.edu.mx',265),(756,'TETC070218HSRRRHA7','Christian Alexander','Trevizo','Torres','ct22180334@bachilleresdesonora.edu.mx',265),(757,'FOAR060323HSRLCMA1','José Ramón','Flores','Acosta','jf21080252@bachilleresdesonora.edu.mx',266),(758,'CEPL070206MSRBLSA5','Leslie Elizabeth','Ceballos','Palomino','lc22180338@bachilleresdesonora.com',266),(759,'PAMR070216MSRZRBA1','Rubi Patricia','Pazos','Miranda','rp22180261@bachilleresdesonora.edu.mx',266),(763,'RIIL070222MSRVXZA5','Luz Andrea','Rivera','Iñiguez','luz.riniguez@gmail.com',267),(764,'MAGF070731HSRRRRA3','Francisco Javier','Martínez','García','elmijo2007@gmail.com',267),(765,'CACJ070517HSRRMNA4','Juan Pedro','Carrillo','Campa','juanpedrocarrillocampa@hotmail.com',267),(766,'LOVD071113MSRPLNA9','Dianey Johana','López','Valencia','dianeyjlopez1307@gmail.com',268),(767,'GAGH070908MSRRLXA6','Huxley Yuleany','Garcia','Guillen','huxleygarcia17@gmail.com',268),(768,'AEGA060103MSLRRRA9','Ariana Isnai','Armenta','Garcia','arianaarmenta147@gmail.com',268),(769,'MORA060306HSRNBDA1','Adrián','Montes','Robles','a01253898@tec.mx',269),(770,'ZABM060804HSRRRTA5','Mateo','Zaragoza','Burruel','a01254074@tec.mx',269),(771,'FONF061024HSRLRRA8','Fermín Eduardo','Flores','Norzagaray','a01254430@tec.mx',269),(772,'CORJ070209MSRTDSA6','Joselyn Guadalupe','Cota','Rodríguez','jc22180351@bachilleresdesonora.edu.mx',270),(773,'POEF071221HSRRNRA1','Francisco Lauro','Porchas','Enriquez','fp22180684@bachilleresdesonora.edu.mx',270),(774,'TETC070218HSRRRHA7','Christian Alexander','Trevizo','Torres','ct22180334@bachilleresdesonora.edu.mx',270),(775,'MAAA070322HSRRRBA0','Abel Isaias','Martinez','Aragon','isaiasmtz254@gmail.com',271),(776,'CELS070906MNERYNA1','Sandra Lucia','Cervantes','Leyva','sandycervantesleyva@gmail.com',271),(777,'VEHB070404MSRGRRA5','Briseida Adilene','Vega','Heredia','adilenevega088@gmail.com',271),(778,'GAMA060621HSRRDNA9','Andrés Daniel','García','Medina','sdfd1jandres@gmail.com',272),(779,'AIMJ070214HSRBLSA5','José Jesús','Abril','Millán','josejesusabrilmillan@gmail.com',272),(780,'UING060213MSRRVBA3','Gabriela','Urias','Navarrete','navarreteuriasgabriela@gmail.com',272),(781,'OEFD070606MNELVNA3','DANA CRISTINA','OLVERA','FAVELA','danafavela12345@gmail.com',273),(782,'ROMG070826HSRDLRA6','GERMAN ARTURO','RODRIGUEZ','MOLINA','artmol2020@hotmail.com',273),(783,'PIMK071102HNEHXVA4','KEVIN DAVID','PHILLIPS','MUÑOZ','kevinjuanevo@gmail.com',273),(784,'GAUF060410HSRRRRA6','FERNANDO','GRANADOS','URREA','fergu6410@gmail.com',274),(785,'SOLA060620HSRTPBA9','ABDIEL FRANCISCO','SOTO','LOPEZ','abdielsoto1820@gmail.com',274),(786,'VADA071202MSRLRRA5','ARIADNA YAMILETH','VALENZUELA','DUARTE','ariadna02@gmail.com',274),(787,'AOAG071208MSRCYNA2','Génesis','Acosta','Ayala','ga22120252@bachilleresdesonora.edu.mx',275),(788,'TOVC070721MSRRLNA6','Cinthya Josselyn','Torres','Valenzuela','ct22120058@bachilleresdesonora.edu.mx',275),(789,'GUSJ070803HSRZNRA7','Jorge Fernando','Guzmán','Sánchez','jg22120103@bachilleresdesonora.edu.mx',275),(790,'VATL080521MDFLRCA1','Lucia','Valencia','Torres','lucia.valencia@institutovanguardia.edu.mx',276),(791,'CAGF081101MSRMLRA2','Fernanda','Campa','Gallardo','fernanda.campa@institutovanguardia.edu.mx',276),(792,'CAGC060412MSRMLRA3','Carolina','Campa','Gallardo','carolina.campa@institutovanguardia.edu.mx',276),(793,'RIMA070112MNEVRSA8','Aislym Italia','Rivas','Miranda','airimi12@hotmail.com',277),(794,'HEGG070827MSRRRRA5','Grecia Griselda','Hernandez','Grijalva','greciaflkt@gmail.com',277),(795,'LOCG071125MSLPRLA6','Gladys Michelle','López','Carvajal','gmichelle.lopez.25@gmail.com',277),(796,'PESM080530MSRRLRA6','Marcela','Pérez','Seldner','A01255220@tec.mx',278),(797,'IICA080310MSRXRNA3','Ana Lucía','Iñigo','Carranza','A01255042@tec.mx',278),(798,'VARL080308MSRLBRA2','Lorena','Valdez','Rubio','A01254994@tec.mx',278),(799,'CEAV070713MSRLRNA8','VENNYA MARGARITA','CELAYA','ARMENTA','22426070020164@cecytessonora.edu.mx',279),(800,'VACD071009HNELSMA5','DAMIAN','VALLES','CASTRO','22426070020084@cecytessonora.edu.mx',279),(801,'VADM070910MSRLRNA3','MONZERRATH','VALENZUELA','DURAN','22426070020100@cecytessonora.edu.mx',279),(802,'CURM070614MSRRMRA7','MARIELA','DE LA CRUZ','ROMERO','22426070020028@cecytessonora.edu.mx',280),(803,'CEBS071130MSRHJHA2','SHEY','CHELIUS','BAJO','22426070020147@cecytessonora.edu.mx',280),(804,'DUFL070323MSRRLLA9','LAILA JOANA','DURAN','FELIX','22426070020045@cecytessonora.edu.mx',280),(805,'RIEF071120HSRVNRA4','FRANCISCO IVAN','RIVERA','ENRIQUEZ','22426070020138@cecytessonora.edu.mx',281),(806,'VABJ051228HSRLJSA7','JESUS MANUEL','VALDEZ','BEJARANO','22426070020037@cecytessonora.edu.mx',281),(807,'RACJ070721HSRMRLA0','JULIO CESAR','RAMIREZ','CORONA','22426070020155@cecytessonora.edu.mx',281),(808,'VAAR070313HSRLCNA4','RENE FRANCISCO','VALENZUELA','ACUÑA','22426070020076@cecytessonora.edu.mx',282),(809,'CUTG071018HSRRRBA0','GABRIEL ROBERTO','DE LA CRUZ','TORRES','22426070020172@cecytessonora.edu.mx',282),(810,'OIMA071029HSRRNLA6','JOSE ALEJANDRO','ORTIZ','MENDOZA','22426070020048@cecytessonora.edu.mx',282),(811,'VAAR070313HSRLCNA4','RENE FRANCISCO','VALENZUELA','ACUÑA','22426070020076@cecytessonora.edu.mx',283),(812,'CUTG071018HSRRRBA0','GABRIEL ROBERTO','DE LA CRUZ','TORRES','22426070020172@cecytessonora.edu.mx',283),(813,'OIMA071029HSRRNLA6','JOSE ALEJANDRO','ORTIZ','MENDOZA','22426070020048@cecytessonora.edu.mx',283),(814,'COLD071101MBSNNNA2','Daniela','Conklin','Landeros','dc22090114@bachilleresdesonora.edu.mx',284),(815,'AECA070620HSRLNLA6','Aldo Alexis','Albelaiz','Ceniceros','aa22090037@bachilleresdesonora.edu.mx',284),(816,'CABC070620MSRHLMA9','Camila','Chaidez','Beltran','cc22090167@bachilleresdesonora.edu.mx',284),(817,'ROHE071112HNEBRNA0','ENRIQUE ALONSO','ROBLEDO','HERNANDEZ','22426070020153@cecytessonora.edu.mx',285),(818,'POML071023HSRRNSA4','LUIS ANGEL','PORTILLO','MONTOYA','22426070020016@cecytessonora.edu.mx',285),(819,'LOLC070611HSRVPLA1','CALEB ALFONSO','LOVIO','LOPEZ','22426070020021@cecytessonora.edu.mx',285),(820,'VAML070327HSRRRSA4','LUIS ENRIQUE','VARGAS','MARTINEZ','22426070020030@cecytessonora.edu.mx',286),(821,'VACL070926HSRLSSA8','LUIS ANGEL','VALLES','CASTAÑEDA','22426070020041@cecytessonora.edu.mx',286),(822,'FEVJ071217HSRDLSA4','JESUS DIEGO','FEDERICO','VALENZUELA','22426070020056@cecytessonora.edu.mx',286),(823,'EUVV051130MSRSLRA1','Verónica Jovana','Esquer','Valenzuela','vero9.valenzuela@gmail.com',287),(824,'AURI050723HSLGVDA4','Idan Isael','Aguilar','Rivera','isaelaguilar27@gmail.com',287),(825,'MXAR050825MSRNRNA5','Renee Ivana','Mendez','Armenta','rmendezarmenta@gmail.com',287),(826,'AEFE070220HSRRGRA4','Ernesto','Armenta','Figueroa','pachisarment4567@gmail.com',288),(827,'CAVN070412MSRXLMA7','Naomi','Cañez','Velazquez','naomicanez515@gmail.com',288),(828,'GACE070531HSRMLDA5','Edgar Oswaldo','Gamboa','Celaya','Cubanitogamboa37@gmail.com',288),(829,'RIRB060103HSRVVRA2','Brayan Jesús','Rivera','Rivera','brayanrivera5454@gmail.com',289),(830,'ROML060504MASMRRA9','Laura Fernanda','Romo','Martinez','lauraresendiz1234@gmail.com',289),(831,'AAGA050509MSRMLLA9','Alondra','Amaya','Gallegos','aalondra586@gmail.com',289),(832,'EUAE060803HSRSNRA0','ERICK EMMANUEL','ESTUDILLO','ANGULO','ee21060271@bachilleresdesonora.edu.mx',290),(833,'AIDC060124HSRVMSA9','Cesar Enrique','Avila','Demara','demaracesar2@gmail.com',290),(834,'LACB060612HSRBLRA3','Brando Jovanni','Labrador','Calderon','bl21060089@bachilleresdesonora.edu.mx',290),(835,'RARL070125MSRMMZA3','Luz Mariana','Ramirez','Romero','marianaramirezromero2501@gmail.com',291),(836,'GITH071022MSRRNNA2','Haniel Guadalupe','Grijalva','Tanuri','hannielggt@gmail.com',291),(837,'PIXJ070129HNENXSA5','Jesse','Pino','','Jp22210069@colegiodebachilleres.com',291),(838,'RUGL060721MSRZRZA7','Luz maria guadalupe','ruiz','garcia','lr21060311@bachilleresdesonora.edu.mx',292),(839,'SUDR061105HSRRLMA0','ramon elim','suarez','delgado','rs21060273@bachilleresdesonora.edu.mx',292),(840,'GOMD060921HSRNRGA2','diego rolando','gonzalez','murrieta','dg21060366@bachilleresdesonora.edu.mx',292),(841,'SICO070511HSRLHMA4','Omar Isaac','Silvas','Chavez','isaacdanyachavez832@gmail.com',293),(842,'LATJ070622HSRRNNA4','Juan Antonio','Larios','Tonopomea','juanlarios2207@gmail.com',293),(843,'GUGG070531HSRTLBA0','Gabriel Alejandro','Gutierrez','Galvez','gabrielalejandros3131@gmail.com',293),(844,'MELK060607HSRDPNA8','Ken Karim','Medina','López','medinakarim65@gmail.com',294),(845,'EAGE060526MSRSNMA5','Emily Joana','Esparza','González','ee21060108@bachilleresdesonora.edu.mx',294),(846,'LUTJ060308HSRVRNA9','Juan alvaro','Luevano','torres','Homework343@outlook.com',294),(847,'TALD070831MSRNYMA3','Damaris Jileydi','Tanori','Leyva','damaristan@gmail.com.mx',295),(848,'LOCM070615MSRPNLA1','Melannie Alexa','Lopez','Cano','Nemychi65@gmail.com',295),(849,'ROGS071128HGRQRBA8','SEBASTIAN','ROQUE','GARAY','sr22060012@bachilleresdesonora.edu.mx',295),(850,'VXCA080122HSRLRRA3','Arturo','Valenzuela','Cordova','A01255217@tec.mx',296),(851,'LOOA061118MSRPLNA4','Ana Lourdes','López','Oliver','A01254352@tec.mx',296),(852,'TURD060825HNLRZNA3','Daniel Alejandro','Trujillo','Ruiz','A01253988@tec.mx',296),(853,'PEOK060728MSRRRNA9','Kenia Elizabeth','Perez','Orduño','kp21060113@bachilleresdesonora.edu.mx',297),(854,'GALK070522HSRMMLA4','Kaled Naim','Gamez','Lemuz','kalednaimgmz@gmail.com',297),(855,'JICI071124HSRMLVA3','Ivan Enrique','Jiménez','Clemente','ij22060371@bachilleresdesonora.edu.mx',297),(856,'MABA071108HSRRLDA2','Adrian Alejandro','Marmolejo','Balderrama','am22060182@bachilleresdesonora.edu.mx',298),(857,'BABP070917HBCRJBA9','Pablo','Barreras','Bojorquez','Pablobb200709@gmail.com',298),(858,'JICD070411HSRMRGA4','Diego Emmanuel','Jiménez','Coronel','Coroneldiego041@gmail.com',298),(859,'SAGF061004HSRNRRA3','Francisco Emiliano','Sainz','Garcia','fs21060399@bachilleresdesonora.edu.mx',299),(860,'FOAF060831HSRLNRA7','Freddy','Flores','Angulo','ff21050404@bachilleresdesonora.edu.mx',299),(861,'GUCD060523HSRTHGA5','Diego','Gutierrez','Chavez','dg21060153@bachilleresdesonora.edu.mx',299),(862,'BAQG060406HSRRLSA6','Gustavo Alonso','Barajas','Quiles','gb21060179@bachilleresdesonora.edu.mx',300),(863,'DOCK041205MSRMRRA5','Karla Violeta','Domínguez','Corpus','kd19060187@bachilleresdesonora.edu.mx',300),(864,'NARM060906MSRVZNA7','Monica','Navarrete','Ruiz','ruizpikmin@gmail.com',300),(865,'SALH070109HSLNPMA4','Humberto Samid','Santiago','López','samidsantiago1@gmail.com',301),(866,'COFJ070909HSRRSSA3','Jesús Ernesto','Cordova','Fausto','Nombrenombre139@gmail.com',301),(867,'EAGJ071201HGRSNNA1','Jonathan','Estanislao','Gonzalez','je22060366@bachilleresdesonora.edu.mx',301),(868,'VEMA060804HVZGRNA5','Angel David','Vega','Martinez','av22060005@bachilleresdesonora.edu.mx',302),(869,'MOMK070920MDFRRRA4','Karla Fernanda','Morales','Martinez','km3343445@gmail.com',302),(870,'AANF071225HSRLXRA5','Fernando Gael','Alvarado','Nuñez','fa22060107@bachilleresdesonora.edu.mx',302),(871,'MOML060504HSRLRSA2','Luis Ángel','Molina','Moreno','molina.luis.cb37@gmail.com',303),(872,'GAAA061024HSRLLNA1','Angel Ruben','Galindo','Alvarez','Galindo.angelruben.cb37@gmail.com',303),(873,'GACD060331MSRLZNA0','Diana Yuridia','Galindo','Cazares','galindo.diana.cb37@gmail.com',303),(874,'VASG070719HTSLNNA5','Genaro','Valerio','Santana','A01254509@tec.mx',304),(875,'GOCA070414HMCNHLA6','Alejandro','González','Chimal','A01254744@tec.mx',304),(876,'CUVL070730HSRRLSA4','Luis Fernando','Cruz','Velarde','A01254510@tec.mx',304),(877,'CAMV061201MSRSZLA2','VALERIA ANAHI','CASTAÑO','MAZON','valeanacastm@gmail.com',305),(878,'GUCC061004MBCTRMA4','CAMILA','GUTIERREZ','CARRILLO','cam.gtz.car@gmail.com',305),(879,'CACF060802HSRSRRA5','JOSE FERNANDO','CASAREZ','CRUZ','fershocaz@gmail.com',305),(880,'GAGD061214HNERNMA4','Damian Manuel','Garcia','Gonzalez','damain1manuel1214gg@gmail.com',306),(881,'VATZ061221MSRLZRA3','Zareth Guadalupe','Valenzuela','Tiznado','tiznadozareth@gmail.com',306),(882,'CALI061025HSRXYSA9','Isai Antonio','Cañez','Leyva','Isaicanes@gmail.com',306),(883,'AAXR080625MNEDXGA1','Regina Mariajose','Adame','','regina.mariajose@icloud.com',307),(884,'CUPA081011HSRRRNA8','Andrik','Cruz','Porchas','andrikporchas@gmail.com',307),(885,'CAXA070109HNEHXRA1','Aaron Semin','Chang','','aaronchang0109@gmail.com',307),(886,'VAVR070905MSRSSSA2','ROSARIO','VASQUEZ','VASQUEZ','rosariovasquez.597@gmail.com',308),(887,'SARL061116MOCNMZB4','LIZETH ARACELI','SANTIAGO','RAMIREZ','lizetharacely261@gmail.com',308),(888,'SAGG071102MSRNRRA2','GRACIELA','SANTOS','GARCIA','stillovesblues@gmail.com',308),(889,'RERY060918MSRYZDA1','Yadira Lizeth','Reyes','Ruiz','yadirareyes599@gmail.com',309),(890,'MABL060408MSRRRZA2','Luz Yajetzi','Martinez','Barriga','lm8430431@gmail.com',309),(891,'VAJL050423MSRLSZA3','Luz Elena','Valencia','Jose','21426070260080@cecytessonora.edu.mx',309),(892,'VISV061108HSRRNCA6','Victor Daniel','Viruet','Sanchez','nanixanz6@gmail.com',310),(893,'AEVL060825HSRRNSA8','Luis','Arellanes','Venegas','larellanesv2586@gmail.com',310),(894,'CODG050115HSRRMBA2','Gabriel Eduardo','Corral','Dominguez','Corralgabriel12@gmail.com',310),(895,'SAML051226HSRNRSA7','Luis Jonathan','Santiago','Martinez','jonathan.1127@icloud.com',311),(896,'HEJA071010MMSRRBA0','ABRIL SINAHY','HERNANDEZ','JORGE','hernandezjorgeabril@gmail.com',311),(897,'CAVJ060602HSRSTRA9','Jairo Alejandro','Castillo','Vitervo','jairoalejandrocastillovitervo@gmail.com',311),(898,'DISM050421MSRZLYA2','Mya Viridiana','Diaz','Salazar','Ms20060106@bachilleresdesonora.edu.mx',312),(899,'CULA060307HBCDNNA6','Andrés Said','Cuadras','Leon','andrescuadras06@gmail.com',312),(900,'OESF061216HSRRNRA4','Franklin','Ortega','Sainz','of21060222@bachilleresdesonora.edu.mx',312),(901,'MOLL060826HNENGSA1','Luis Felipe','Montes','Lagos','A01254514@tec.mx',313),(902,'IIAP070117HSRSNBA8','Pablo','Isibasi','Andrade','A01254586@tec.mx',313),(903,'SIHF061006HSRLBRA3','Fernando','De Silva','Hernández','A01254479@tec.mx',313),(904,'BOFA070908MSRCLBA1','ABRIL JHOANA','BOCOBACHI','FELIX','ab22230053@bachilleresdesonora.edu.mx',314),(905,'AAMA070415MSRLCLA5','ALMA ALEXANDRA','ALVAREZ','MACIAS','aa22230107@bachilleresdesonora.edu.mx',314),(906,'DUFM070109MSRRLRA1','MARIANA AMAIRANY','DUARTE','FLORES','md22230022@bachilleresdesonora.edu.mx',314),(907,'COMJ060718HSRFRNA2','Jonathan Abdias','Coffey','Martinez','jonacm18@gmail.com',315),(908,'VAVR060722HSRLLFA8','Rafael Alejandro','Valenzuela','Villarreal','rafaelvalenzuelav06@gmail.com',315),(909,'AAGA060708MSRYSNA0','Ana Lucia','Ayala','Gastelum','alayala06@gmail.com',315),(910,'CAMA070927MSRSRNA6','Andrea','Castellanos','Martinez','andreacastellanosmtz@gmail.com',316),(911,'FUVD071207MNENLSA1','Deisy Bianey','Fuentes','Villaseñor','df22090347@bachilleresdesonora.edu.mx',316),(912,'GOZR070914MSRNZNA0','Renata','Gonzalez','Zazueta','rg22090008@bachilleresdesonora.edu.mx',316),(913,'COUN070408MNENLDA2','Nidia Angelica','Contreras','Ulloa','contrerasu.0408@gmail.com',317),(914,'MOMA060612MSRNRNA2','Andrea Carolina','Montoya','Morales','andreamm1517@icloud.com',317),(915,'SABK070712MSRLJTA8','Katia Francesca','Salazar','Bojorquez','ksalazarbojorquez@gmail.com',317),(916,'GITH071022MSRRNNA2','Haniel Guadalupe','Grijalva','Tanuri','hannielggt@gmail.com',318),(917,'RARL070125MSRMMZA3','Luz Mariana','Ramírez','Romero','luzma.roze@hotmail.com',318),(918,'PIXJ070129HNENXSA5','Jesse','Pino','Pino','Jp22210069@colegiodebachilleres.com',318),(919,'EUOC071010HSRSJRA6','Carlos Emilio','Esquer','Ojeda','ceeo2007@gmail.com',319),(920,'CAGX070209MSRSRMA4','Ximena Rebecca','Castro','Grijalva','ximerebe.castro@gmail.com',319),(921,'BECR070125MNERSMA2','Romina','Bernal','Castro','rombernalc1@gmail.com',319),(922,'CAGL060213HSRSRSA5','Luis Fernando','Castro','Grijalva','luisfernandocastrogrijalvas2d@inam.edu.mx',320),(923,'CAEJ060110MSRMLCA9','Jacqueline','Campoy','Elias','Jacquelinecampoy06@gmail.com',320),(924,'COLJ060704HSRRPSA9','Jesús Manuel','Corona','López','jesusmanuelcoronal@hotmail.com',320),(925,'GAFD080201HSRRLGA3','DIEGO RICARDO','GARCIA','FELIX','garciafelixdiegoricardo@gmail.com',321),(926,'GOVD080714HSRMRVA8','DAVID CAMILO','GOMEZ','VARELA','camilogomez3.1416@gmail.com',321),(927,'SULG080726HSRBNRA2','GERMAN','SUBIAZ','LEON','germanleon262008@gmail.com',321),(928,'MOZA080120HSRNMBA5','ABDIEL ABDIAS','MONTES','ZAMBRANO','am23100228@bachilleresdesonora.edu.mx',322),(929,'LOBJ070821HSRPRSA2','JESUS ROSARIO','LOPEZ','BRISEÑO','JL22100346@bachilleresdesonora.edu.mx',322),(930,'GARA061216HSRRJDA6','ADRIAN ALONSO','GARCIA','ROJO','AG21100423@bachilleresdesonora.edu.mx',322),(931,'MOPI060213HSRLRSA5','Isaac','Molina','Preciado','isaacmolinapreciado@gmail.com',323),(932,'EOLO061110HSRSPSA8','Oscar Emilio','Escobar','Lopez','Sragusanado@gmail.com',323),(933,'VAMS060222HSRLLBA0','Sebastian Emilio','Valdes','Maldonado','sevm@gmail.com',323),(934,'RODL060126MSRMMZA2','Luz Fernanda','Romero','Domínguez','romerodluzf@gmail.com',324),(935,'GOEA061116MSRNSNA1','Angel Lilian','González','Espinoza','angel.liliangonzalez@gmail.com',324),(936,'AUHM060115MSRGRBA5','Mabel','Aguirre','Hernández','mabelaguirre1506@gmail.com',324),(937,'COMA060814HSRRNNA7','Ángel Enrique','Coronado','Munguia','angel.coronado1406@gmail.com',325),(938,'LAOK060721HSRZRVA3','Kevin Francisco','Lazcano','Ortega','lazcanoortegak@gmail.com',325),(939,'WOCE060513HSRLRVA9','Evan','Woolfolk','Cerecer','woolfolkcerecerevan@gmail.com',325),(940,'GARV070626HSRRJCA4','Victor Daniel','Garcia','Rojas','victorgarcia260607@gmail.com',326),(941,'MAGA050723HSRRNNA1','Angel','Martinez','Gonzalez','jesusperez22mej@gmail.com',326),(942,'MUVN060907HSRXLXA7','Noe Alexis','Muñoz','Valenzuela','21426070260004@cecytessonora.edu.mx',326),(943,'BUTN061125HSRRRXA3','Noe Daniel','Burgos','Trujillo','noedanielburgostrujillo742@gmail.com',327),(944,'AUVA060718HSRGRNA6','Angel Gabriel','Aguilar','Vargas','gabriel.vargas.277353@gmail.com',327),(945,'ROGF061114HSRMLLA9','Felix Daniel','Romero','Gallardo','felixig57@gmail.com',327),(946,'ROGB060714MSRJRRA1','Berenice','Rojas','García','berenicerojogarcia2006@gmail.com',328),(947,'LAGA031119MGRRZDA4','Adriana','Laureano','Guzman','adrianalaureano019@gmail.com',328),(948,'PEMJ061123HSRDRSA8','Josue Nathanael','Pedro','Martínez','tonimartinez84457@gmail.com',328),(949,'BOQA071023HSRRJNA3','ANGEL ANTONIO','BORBON','QUIJADA','ab22100198@bachilleresdesonora.edu.mx',329),(950,'MESE060906HSRNLLA2','ELI AURELIANO','MENDOZA','SOLTERO','EM21100366@bachilleresdesonora.edu.mx',329),(951,'JUCI050217HSRSRSA8','ISRAEL','JUSAINO','CORRAL','jc20100371@bachilleresdesonora.edu.mx',329),(952,'SIMF070909HSRMNRA1','FERNANDO GIOVANNI','SIMENTAL','MENDOZA','FS22100079@bachilleresdesonora.edu.mx',330),(953,'REGM070706MSRYTRA4','MARLA ROMINA','REYES','GUTIERREZ','mr22100019@bachilleresdesonora.edu.mx',330),(954,'BOTM061007MSRRRCA9','MICHELLE ALEJANDRA','BORBOA','TERRAZAS','MB21100288@bachilleresdesonora.edu.mx',330),(955,'NUGD050916HSRXNVA5','DAVID GUSTAVO','NUÑEZ','GONZALEZ','dg20100195@bachilleresdesonora.edu.mx',331),(956,'EIPJ060410HSRNRNA6','JUAN CARLOS','ENCINAS','PEREZ','je22100446@bachilleresdesonora.edu.mx',331),(957,'CEGA060428HSRNLNA1','ANGEL ALEJANDRO','CENTENO','GALVAN','AC21100042@bachilleresdesonora.edu.mx',331),(958,'MAHM061005HSRDRRA9','Mario Ivan','Mada','Hernandez','UsuarioMario2006@gmail.com',332),(959,'EIVJ060827HMNSSNA8','Juan de Dios','Espino','Vasquez','jhonyespino3@gmail.com',332),(960,'LOJE070322HSRPSDA9','Edgar Antonio','López','José','antoniolopez7739@gmail.com',332),(961,'COUE071018MSRTRNA0','Enoé','Cota','Urrutia','224042@alumnos.regislasalle.edu.mx',333),(962,'GUUB070819MSRTRRA1','Bárbara','Gutierrez','Urrutia','224045@alumnos.regislasalle.edu.mx',333),(963,'MARE060311HSRRZRA1','Erick','Martinez','Ruiz','101057@alumnos.regislasalle.edu.mx',333),(964,'MERI061110MSRNMSA0','Isabel Cristina','Mendoza','Ramírez','111021@alumnos.regislasalle.edu.mx',334),(965,'LAGD071018MSRNRNA3','Daniela','Landell','García','132030@alumnos.regislasalle.edu.mx',334),(966,'MUVA070820HSRRZDA6','Adrian Benjamín','Murrieta','Vizcarra','152049@alumnos.regislasalle.edu.mx',334),(967,'AEAS061227MSRLRPA0','SOPHIA','ALMEIDA','ARENAS','sophiaalmeidaarenas@gmail.com',335),(968,'RICA060526HBCVRNA5','ANGEL MANUEL','RIVERA','CRUZ','angelmanuelriveracruz2006@gmail.com',335),(969,'VIBK060811MSRYRRA9','KEREN ADANELI','VIEYRA','BRIANO','kerenvieyra@gmail.com',335),(970,'WIGM061101MNENRXA4','Mia Dayana','Wineinger','Garcia','mw21060440@bachilleresdesonora.edu.mx',336),(971,'JIOI060112MSRMZTA4','Itzel xareny','Jiménez','Ozuna','Jimenezitzel871@gmail.com',336),(972,'ROPI060123MSRJRTA5','Itzel Dayana','Rojas','Pérez','Dayana23.RP@gmail.com',336),(973,'UAEI070902MSRZLTA9','Itzel Guadalupe','Uzarraga','Elenes','itzeluzarraga71@gmail.com',337),(974,'SOVD070402MSRLLNA8','Daniela Elizabeth','solórzano','valenzuela','danielasolorzanoval@gmail.com',337),(975,'MONX070704HSRRXVA8','Xavier Arthuro','Moroyoqui','Nuñez','xavierarthurmn@gmail.com',337),(976,'BOVL060427HSRJZCA3','Luciano Alberto','Bojorquez','Vazquez','lb21060265@bachilleresdesonora.edu.mx',338),(977,'DIML060521HSRRRSA5','Luis Angel','Dircio','Moreno','Ld21060136@bachilleresdesonora.edu.mx',338),(978,'MUCE061107HSRXTRA0','Ernesto Emanuel','Muñoz','Cota','em21060086@bachilleresdesonora.edu.mx',338),(979,'FIVG060325MSRRLDA6','Guadalupe Elena','Fierros','Valenzuela','gf21010193@bachilleresdesonora.edu.mx',339),(980,'LIAY060809MSRZCSA2','Yasel Patricia','Lizárraga','Acosta','yl21180028@bachilleresdesonora.edu.mx',339),(981,'SOLG070409MSRTPLA7','Gladys Paola','Soto','López','gs22010190@bachilleresdesonora.edu.mx',339),(982,'TAGS070217HSRNLBA4','Sebastian','Tanori','Gallardo','sebastiantanori8@gmail.com',340),(983,'MUFM061028HSRNLRA5','Marco Antonio Tadeo','Munro','Flores','marcoxpro9000@gmail.com',340),(984,'GAMB070402HSRRRRA9','Brayan Isaias','García','Moreno','brayg.m.2017@gmail.com',340),(985,'BEBY070526MSRRNZA6','Yeztlin Skarleth','Bermudez','Benitez','benitezskarleth6@gmail.com',341),(986,'VARM070131MSRLYRA9','Mariana','Valenzuela','Reyna','mariana.valenzuela.reyna@gmail.com',341),(987,'BEDA070719MSRNMLA4','ALISSON MAYRETH','BENITEZ','DOMINGUEZ','ab22210020@bachilleresdesonora.edu.mx',341),(988,'PIMO071220HSRNRSA3','OSCAR ESTEBAN','PINO','MARTINEZ','oscarespm07@gmail.com',342),(989,'RURA071106MSRZSNA1','ANA CRISTINA','RUIZ','RIOS','ruizcristina1166@gmail.com',342),(990,'SAGR070909MSRLSBA0','RUBI ASCENCION','SALDAÑA','GASPAR','ruby67062@gmail.com',342),(991,'YASP060506MSRNTLA4','Maria Paula','Yanes','Soto','a214041@prepalasalle.edu.mx',343),(992,'FEMV060527MSRLDLA7','Valeria Carolina','Felix','Medina','a214097@prepalasalle.edu.mx',343),(993,'EIGR060821HSRSRDA8','Jose Rodrigo','Espinoza','García','a214060@prepalasalle.edu.mx',343),(994,'NACH070407MSRVLNA1','Hannia Larissa','Navarrete','Clemente','hn22100191@bachilleresdesonora.edu.mx',344),(995,'LEZL071104MSRDMRA9','Laura Fernanda','Ledesma','Zamora','LL22100320@bachilleresdesonora.edu.mx',344),(996,'EIHK070731MSRSRRA5','Karla Fernanda','Espinoza','Hernández','ke22100209@bachilleresdesonora.edu.mx',344),(997,'SAGJ060122HSRNSHA1','JHONATHAN VICTOR EMMANUEL','SANCHEZ','GASTELUM','jhonathansanchez1404@gmail.com',345),(998,'PEMJ060807HSRRRSA2','JESUS RICARDO','PEREZ','MARTINEZ','jesusnkfs091@gmail.com',345),(999,'MOSP061028MSRNNRA5','PERLA YOCELIN','MONTAÑO','SANCHEZ','perlasan911@gmail.com',345),(1000,'AOLE080714MOCNPLA7','ELISA','ANTONIO','LOPEZ','juarez73antonio@gmail.com',346),(1001,'PESC081028HOCRNRA3','CARLOS EDUARDO','PEREZ','SANTOS','carlos.perez281008@gmail.com',346),(1002,'MOJJ050507HSRRRLA5','JOEL ANTONIO','MORALES','JUAREZ','joel@moralesmj.com',346),(1003,'DUGE070824MSRRMLA0','Elisa Paulina','Duarte','Gámez','ed22110067@bachilleresdesonora.edu.mx',347),(1004,'LASR070403MSRRTSA2','Rosario Guadalupe','Lara','Soto','lr22110131@bachilleresdesonora.edu.mx',347),(1005,'EUAF071004HSRSRRA9','José Francisco','Esquer','Arias','JE22110206@bachilleresdesonora.edu.mx',347),(1006,'LOMC060104MSRPNMA5','CAMILA NICOLE','LOPEZ','MENDEZ','camilanicolelm04@gmail.com',348),(1007,'LOLA060321HSRPPLA7','ALAN RICARDO','LOPEZ','LOPEZ','alan5507466@gmail.com',348),(1008,'QUMB081104HSRJRRA9','BRAYAN ALEXIS','QUIJADA','MORALES','baqm0411@gmail.com',348),(1009,'PEFM060410MSRRRRA9','Mariana','Pérez','Franco','mp21120228@bachilleresdesonora.edu.mx',349),(1010,'CAMR060125MSRRNNA0','María Renee','Carrasco','Manzo','mc21120120@bachilleresdesonora.edu.mx',349),(1011,'PERL060414HCSRZSA8','Luis Fernando','Pérez','Ruiz','lp21120103@bachilleresdesonora.edu.mx',349),(1012,'JIAX060418MSRMLMA1','Ximena Guadalupe','Jimenez','Alvarez','ximenagpealvarez.1806@gmail.com',350),(1013,'MOMK061208MSRRRRA0','Karely Rebeca','Moreno','Martinez','martinezkarely074@gmail.com',350),(1014,'TOBE061003MSRSRVA2','Evelyn Karola','Tosame','Borbon','et21150002@bachilleresdesonora.edu.mx',350),(1015,'RONM060624MSRMBGA4','Magda Alejandra','Romero','Nieblas','ale.romeronieblas@gmail.com',351),(1016,'TOGC061212MSRLRMA9','Camila Fernanda','Toledo','Garcia','toledocamila109@gmail.com',351),(1017,'CEAD060827HSRRCNA8','Daniel','Cervantes','Acosta','danielcervantes2b@gmail.com',351),(1018,'ROLB080103HSRMRRA5','Bryan Alexander','Romero','Lerma','br23090018@colegiodebachilleres.edu.mx',352),(1019,'CAMM080914HSRRXGA2','Miguel Ángel','Carranza','Muñoz','mc23090171@bachilleresdesonora.edu.mx',352),(1020,'AALR081224HSRLPBA1','Rubén','Álvarez','López','ra23090048@bachilleresdesonora.edu.mx',352),(1021,'MOSM070324HSRNCRA1','JOSE MARIA','MONZON','SAUCEDO','132020@ALUMNOS.REGISLASALLE.EDU.MX',353),(1022,'FEGA070125HSRLNNA6','ANUAR','FELIZ','GONZALEZ','224089@alumnos.regislasalle.edu.mx',353),(1023,'CUVE061117HSRLLMA9','EMILIO REX','CUELLAR','VILLA','132021@alumnos.regislasalle.edu.mx',353),(1024,'RELD070107HSRXPGA1','Diego Emilio','De La Re','López','101029@alumnos.regislasalle.edu.mx',354),(1025,'SARF070321MSRLZRA2','Fernanda','Salcido','Ruiz','121026@alumnos.regislasalle.edu.mx',354),(1026,'MINC070912MSRLVHA1','Chaja Paulete','Millanes','Nava','193339@alumnos.regislasalle.edu.mx',354),(1027,'RELD070107HSRXPGA3','Diego Emilio','De La Re','López','101029@alumnos.regislasalle.edu.mx',355),(1028,'SARF070321MSRLZRA2','Fernanda','Salcido','Ruiz','121026@alumnos.regislasalle.edu.mx',355),(1029,'MINC070912MSRLVHA1','Chaja Paulete','Millanes','Nava','193339@alumnos.regislasalle.edu.mx',355),(1030,'MOGL071123HSRNRSA6','LUIS JOSE','MONJARAS','GARCIA','luisjosemonjaras@gmail.com',356),(1031,'NIYL071129HSRBCSA3','LUIS MANUEL','NIEBLAS','YOCUPICIO','luis.m.nieblas@gmail.com',356),(1032,'REOI071219HSRYTSA3','ISRAEL','REYES','OTERO','ir22150024@bachilleresdesonora.edu.mx',356),(1033,'HECS070203MSRRHFA9','Sofía Alejandra','Herrejón','Chomina','sofiaherrejon28@gmail.com',357),(1034,'AUVP070123MSRNLMA0','Pamela Sofía','Anzúa','Valencia','pamelanval@gmail.com',357),(1035,'UIBC071012MSRRYRA8','Carmen Camila','Urías','Bay','ccub2018@gmail.com',357),(1036,'BOQL060216HSRRJSA6','LUIS ROMAN','BORBON','QUIJADA','LB21100117@bachilleresdesonora.edu.mx',358),(1037,'GIMA050628HSRRNBA9','JOSE ABIMAEL','GRIJALVA','MANCINAS','jm20100206@bachilleresdesonora.edu.mx',358),(1038,'VERL070508HSRLMSA8','LUIS ANGEL','VELASQUEZ','ROMAN','LV22100253@bachilleresdesonora.edu.mx',358),(1039,'MUTI080318HVZRDRA6','IRVIN URIEL','MURILLO','TEODORO','Irvin18mute@gmail.com',359),(1040,'VASR080122HSRZNDA9','RODRIGO','VAZQUEZ','SANCHEZ','eeoperador123@gmail.com',359),(1041,'MAIL081204HSRLNBA0','LEOBARDO OTONIEL','MALDONADO','INZUNZA','inzunzamaldonado19@gmail.com',359),(1042,'RUPR081205MSRZRSA4','RASHELY JAZMIIN','RUIZ','PÉREZ','Rashelyruiz@gmail.com',360),(1043,'ROLP080611MSRDYRA0','PERLA ESMERALDA','RODRÍGUEZ','LEYVA','Perlarodriguez9104@gmail.com',360),(1044,'SARM080128MSRNZYA2','MYRIAM JOCELYN','SANTELLANO','RUIZ','Myriamjocelinsantellanoruiz@gmail.com',360),(1045,'VEAV080630MSRGYCA3','Victoria','Vega','Ayala','vv23120009@bachilleresdesonora.edu.mx',361),(1046,'LORK080625HSRZNVA9','Kevin Aaron','Lozano','Rondero','kl23120015@bachilleresdesonora.edu.mx',361),(1047,'LOXM080430MNEMXYA3','Maya Idaia','Lomeli','XXX','ml23120390@bachilleresdesonora.edu.mx',361),(1048,'COPC080221HSRRRRA5','Carlos Gamaliel','Corona','Portela','coldval35@gmail.com',362),(1049,'GAMR081023HSRRRMA2','Ramón','García','Moreno','ragamo@protonmail.com',362),(1050,'AAZD070924HDFLRGA1','Diego','Alvahuante','Zurita','mrdaz3334@gmail.com',362),(1051,'MOAV061124MSRRRCA7','Victoria','Moreno','Arvizu','Victoriamorenoarvizu06@gmail.com',363),(1052,'ROCA060307HSRMRLA3','Alex Eduardo','Romero','Coronado','alexromerocoronado3@gmail.com',363),(1053,'SOLE060115MSLTZRA0','Erika Iyerene','Soto','Lozania','iyerenesoto15@gmail.com',363),(1054,'AACM060214HSRMRGA5','Miguel Angel','Amarillas','Corral','ma21250089@bachilleresdesonora.edu.mx',364),(1055,'NAPL060816HSRVRSA9','Luis Daniel','Navarrete','Perez','ln21250183@bachilleresdesonora.edu.mx',364),(1056,'ZECF060330HSRPRRA3','Francisco Javier','Zepeda','Carrizosa','fz21250034@bachilleresdesonora.edu.mx',364),(1057,'HURA080112HSRRDLA4','José Alejandro','Hurtado','Rodríguez','a01255215@tec.mx',365),(1058,'OECJ080204HSRRSSA3','Jesús Omar','Ortega','Castillo','A01255378@tec.mx',365),(1059,'ZAKP080723HSRZCBA6','Pablo Saúl','Zazueta','Kick','A01255184@tec.mx',365),(1060,'FIEP080912MSRGNLA7','Paola','Figueroa','Encinas','paolafien@gmail.com',366),(1061,'MOEE080307MSRNSLA4','Elsa del Carmen','Monteverde','Esquivel','elsadelcarmenmonteverdeesquive@gmail.com',366),(1062,'HAMA080203MSRRRNA1','Ana Cristina','Haro','Moreno','cristinaharomoreno@gmail.com',366),(1063,'GAZE060604MOCRRSA4','Esmeralda','Garcia','Zarate','esmezarate121@gmail.com',367),(1064,'NARE050527MSRVJLA9','Elda Alejandra','Navarro','Rojas','Ale_jandra_0505@hotmail.com',367),(1065,'PACF061123MSRCRRA4','Fernanda Guadalupe','Pacheco','Carrillo','fp3957019@gmail.com',367),(1066,'LAPG070311MSRRNNA5','Ginger Geraldine','Lara','Pinto','224321@alumnos.regislasalle.edu.mx',368),(1067,'CUHA060626HSRRLLA3','Alejandro','Cruz','Holguin','193099@alumnos.regislasalle.edu.mx',368),(1068,'CEVN070117MSRBLMA2','Nimeth Daniela','Ceballos','Valenzuela','193336@alumnos.regislasalle.edu.mx',368),(1069,'BOGA060106MSRRMMA7','America','Borbon','Gomez','americaborbon22@gmail.com',369),(1070,'GAPD061107HSRRNMA2','Demian Roberto','Garduño','Panduro','garduno.panduro.dr.cb188@gmail.com',369),(1071,'BOTJ060624HSRJRNA9','Juan Leonel','Bojorquez','Teran','bojorquez.teran.jl.cb188@gmail.com',369),(1072,'LUMS060925HSRPCRA7','SERGIO EDGARDO','LUPERCIO','MACIAS','sergio.lupercio.cm22@cbtis81.edu.mx',370),(1073,'FOMR060712HSRLNDA7','RODRIGO','FLORES','MONREAL','rodrigo.flores.ctm21@cbtis81.edu.mx',370),(1074,'RECA060827MSRNSMA3','AMERICA VIANNEY','RENOVA','CASTRO','america.renova.ctm21@cbtis81.edu.mx',370),(1075,'GAIC061014HSRLBRA8','Carlos Emilio','Galindo','Ibáñez','galindoemilio@hotmail.com',371),(1076,'AOHH060312HSLCRCA6','Hector Ivan','Acosta','Herrera','hectoracostaherrera@gmail.com',371),(1077,'JICJ060714HSRMRNA6','Juan Pablo','Jiménez','Córdova','jpjc140706@gmail.com',371),(1078,'LONA071020HSRPLLA2','Alejandro','López','Nolasco','alqalejandrolopezn@cbtis207.com',372),(1079,'CAMA070921MSRRRRA0','ARELY NOHEMY','CARBALLO','MARTINIE','arelynahomy2109@gmail.com',372),(1080,'PARJ071205HSRYDLA2','JOEL AXEL','PAYAN','RODRIGUEZ','axelpayan88@gmail.com',372),(1081,'AEDK070126MSRVZTA7','Katherine Monserrat','Avechuco','Diaz','alquikatherinemavechucod@cbtis207.com',373),(1082,'LUCM070402HSRNRGA8','JOSÉ MIGUEL','LUNA','CORRAL','alquijosemlunac@cbtis207.com',373),(1083,'GALJ061204HSRRZSA5','JESÚS OVIEL','GRACIA','LIZO','jesusovielgracializo@gmail.com',373),(1084,'DOAM080110MSRMCLB6','Milka Isabel','Domínguez','Acosta','milkadominguez91@gmail.com',374),(1085,'CORR070510HSRRDMA0','Ramón Alejandro','Corral','Rodríguez','ramonalejandro0507@gmail.com',374),(1086,'BANA081113MSRRBLA6','Alexa Carolina','Brambila','Nieblas','alexabrambilatareas@gmail.com',374),(1087,'SODA081128MSRTRSA0','Ashley Guadalupe','Soto','Duarte','as23200004@bachilleresdesonora.edu.mx',375),(1088,'AELA080401MSLRZBA7','Abril Esmeralda','Arellano','Lizarraga','aa23200016@bachilleresdesonora.edu.mx',375),(1089,'CALJ081027MSRSNHA9','Jhoanna Jatziry','Castillo','Luna','jc23200005@bachilleresdesonora.edu.mx',375),(1090,'FEGN080712MSRLSYA9','Nayeli','Félix','Gastélum','nf23200014@bachilleresdesonor.edu.mx',376),(1091,'MULC080525HSRXYRA6','Carlos Yoel','Muñoz','Leyva','cm23200017@bachilleresdesonora.edu.mx',376),(1092,'CAML080102MSRNXZA8','Lizbeth Ariana','Cano','Muñoz','lc23200006@bachilleresdesonora.edu.mx',376),(1093,'VAGD060630MSRLMMA3','Damaris Patricia','Valenzuela','Gámez','dv23200030@bachilleresdesonora.edu.mx',377),(1094,'PIRK081104MSRXDRA2','Karla Anahy','Piña','Rodríguez','kp22200022@bachilleresdesonor.edu.mx',377),(1095,'BXCA080903MBCZRSA8','Ashley Merielen','Baez','Cruz','ab23200023@bachilleresdesonora.edu.mx',377),(1096,'LOGF060718HSRPLBA5','Fabian Alonso','Lopez','Galvez','fabian.lg2006@gmail.com',378),(1097,'AAGA061012MSRLRNA3','Andrea','Alvarez','Garcia','alvarezgarciaandreacb11@gmail.com',378),(1098,'QUMR060205HSRJNMA0','Ramon Angel','Quijada','Munguia','quijadamunguiaramonangelcb11@gmail.com',378),(1099,'COBK061209MSRRJYA2','Keyla Valentina','Cordova','Bojorquez','cordovabojorquezkeylacb11@gmail.com',379),(1100,'TAGA060211HNTPMMA4','Amir','Tapia','Gomez','tapiagomezamircb11@gmail.com',379),(1101,'TESB060428MSRRNRA6','Briseida Paulina','Teran','Saenz','teransaenzbriseidacbtis11@gmail.com',379),(1102,'BACE060602HSRSRMA8','Emir Mauricio','Básaca','Cruz','basacacruzemirmauriciocb11@gmail.com',380),(1103,'MIVJ060321HSRRLSA3','Jesus Fernando','Miranda','Valle','jesusmirandavalle@gmail.com',380),(1104,'MABC060314HSRRXSA1','Cesar Alejandro','Martinez','Bañuelos','cesaralex2018mtz@gmail.com',380),(1105,'RAQO070830HSRMNMA5','OMAR ANTONIO','RAMZAHUER','QUINTANA','omarramzahuer4@gmail.com',381),(1106,'SAVA070209MSRLLLA3','ALMA YELANESSY','SALCIDO','VALENZUELA','AS22210043@bachilleresdesonora.edu.mx',381),(1107,'ROIR070214HSRDBFA3','RAFAEL VALENTIN','RODRIGUEZ','IBARRA','RR22210085@bachilleresdesonora.edu.mx',381),(1108,'VAMR060622HSRRNFA6','Rafael Alejandro','Varela','Mendez','varelamendezrafaelcb11@gmail.com',382),(1109,'VAGJ060805HSRLRLA5','Julio Alberto','Valdez','Garcia','valdezgarciajulioalbertocb11@gmail.com',382),(1110,'VEFF061218MSRLNRA9','Maria Fernanda','Velazquez','Fontes','velazquezfernanda595@gmail.com',382),(1111,'GOMX060508MHGNTMA8','Ximena','Gonzalez','Mitchell','ximenagonzalezmitchell@gmail.com',383),(1112,'MAOK060122MSRRTMA4','Kamila Nicole','Martinez','Otero','kaminmartinez36@gmail.com',383),(1113,'PAZI060108MSRCMTA0','Itzel Guadalupe','Pacheco','Zamora','itzelpaczam@gmail.com',383),(1114,'MUGE070818MSRNMVA4','Evelyn Margarita','Munguía','Gómez','evelynmgz18@gmail.com',384),(1115,'RIVL071028HSRVLNA8','Leonardo','Rivas','Velarde','Leorivelard@gmail.com',384),(1116,'LOFA070501MSRPLNA0','Angélica Ruby','López','Flores','ruby_lopez.f@hotmail.com',384),(1117,'RERD060518HNELYVA8','DAVID ROBERTO','REAL','REYES','realreyesdavidcb11@gmail.com',385),(1118,'VEBE061002MNTGRLA0','Elena Ruby','Vega','Barbosa','vegabarbosaelenarubycb11@gmail.com',385),(1119,'PEFF060126HSRRLRA1','Fernando Antonio','Pérez','Félix','perezfelixfernandoantoniocb11@gmail.com',385),(1120,'VECN070130MSRLLCA5','Nicolle Jazamy','Vélez','Celaya','nv22210071@bachilleresdesonora.edu.mx',386),(1121,'VAVL071212HSRLLSA1','Luis Octavio','Valenzuela','Valencia','lv22210097@bachilleresdesonora.edu.mx',386),(1122,'CACG070626MSRSSRA9','Griselda Natalia','Castro','Castro','gc22210029@bachilleresdesonora.edu.mx',386),(1123,'OEEJ061013HSRRSRA9','Jorge Raymundo','Ortega','Escamilla','jorgeortega3815@hotmail.com',387),(1124,'TAVK060726HSRPLNA9','Kenneth Rodrigo','tapia','Valdez','kenderescolar@gmail.com',387),(1125,'DIBP061203HSRZLBA1','Pablo Gabriel','Diaz','Balderrama','diazbalderramapablogabrielcb11@gmail.com',387),(1126,'CADR061205MSRTLMA2','Romina Yamileth','Catalan','Delgadillo','catalandelgadillorominacb11@gmail.com',388),(1127,'RUMK060122MSRZNNA2','Kendra Nicole','Ruiz','Mendoza','ruizmendozakendranicolecb11@gmail.com',388),(1128,'MEGA060310MSRNRNA6','Angie Lilian','Mendoza','Garcia','mendozagarciaangieliliancb11@gmail.com',388),(1129,'SAAJ060427HSRNRVA8','Jose Javier','Sanchez','Armenta','sanchezarmentajosejaviercb11@gmail.com',389),(1130,'AEDW060710HSRRMLA6','William','Arellano','Dominguez','arellanodominguezwilliamcb11@gmail.com',389),(1131,'SOMJ060707HSRTLNA8','Juan Carlos','Soto','Molina','sotomolinajuancarloscb11@gmail.com',389),(1132,'LAGA070723MNERRNA9','ANDREA ANAID','LAREZ','GRIEGO','al22140201@bachilleresdesonora.edu.mx',390),(1133,'CABY070914MSRMLRA2','YARIELY SAYLE','CAMACHO','BELTRAN','yc22140145@bachilleresdesonora.edu.mx',390),(1134,'ROAF070624MSRDGRA3','FERNANDA JOCELYN','RODRIGUEZ','AGUILAR','fr22140183@bachilleresdesonora.edu.mx',390),(1135,'AORM070226HSRCSXA5','Maximo Alejandro','Acosta','Ríos','ma22090584@bachilleresdesonora.edu.mx',391),(1136,'RAGG070325HSRMRLA9','Guillermo Francisco','Ramirez','Gracia','gr22090530@bachilleresdesonora.edu.mx',391),(1137,'TOLJ070523HNERPSA9','Jesús Francisco','Torres','López','jt22090259@bachilleresdesonora.edu.mx',391),(1138,'AORM070226HSRCSXA5','Maximo Alejandro','Acosta','Ríos','ma22090584@bachilleresdesonora.edu.mx',392),(1139,'RAGG070325HSRMRLA9','Guilllermo Francisco','Ramirez','Gracia','gr22090530@bachilleresdeonora.edu.mx',392),(1140,'TOLJ070523HNERPSA9','Jesús Francisco','Torres','López','jt22090259@bachilleresdesonora.edu.mx',392),(1141,'AORM070226HSRCSXA5','Maximo Alejandro','Acosta','Ríos','ma22090584@bachilleresdesonora.edu.mx',393),(1142,'RAGG070325HSRMRLA9','Guilllermo Francisco','Ramirez','Gracia','gr22090530@bachilleresdesonora.edu.mx',393),(1143,'TOLJ070523HNERPSA9','Jesús Francisco','Torres','Lopez','gr22090530@bachilleresdesonora.edu.mx',393),(1144,'VARA061210MSRLMBA1','Abigail','Valenzuela','Romero','abylkvy@gmail.com',394),(1145,'IARA061209MSRBQNA6','Andrea Xitlali','Ibañez','Roque','ibanezroqueandreaxitlalicb11@gmail.com',394),(1146,'FIRA060214MBCGNLA0','Alexa Dayana','Figueroa','Renterias','figueroarenteriasalexadayacb11@gmail.com',394),(1147,'UIRJ070321HSLRMSA0','Josue Jared','Urbina','Ramos','ju22140079@bachilleresdesonora.edu.mx',395),(1148,'AISY070104MNEVRSA7','Yesenia Rominna','Aviles','Serrano','ya22140017@bachilleresdesonora.edu.mx',395),(1149,'UIMA070120MSRRNLA0','Ali Mariel','Uriarte','Mendoza','Au22140119@bachilleresdesonora.edu.mx',395),(1150,'VACL070926HSRLSSA8','LUIS ANGEL','VALLES','CASTAÑEDA','luisvc2600@gmail.com',396),(1151,'FEVJ071217HSRDLSA4','Jesús Diego','Federico','Valenzuela','Jesus17diego@gmail.com',396),(1152,'VAML070327HSRRRSA4','Luis Enrique','Vargas','Martinez','wawi9870@gmail.com',396),(1153,'ROHE071112HNEBRNA0','Enrique Alonso','Robledo','Hernandez','enriquerobledo747@gmail.com',397),(1154,'LOLC070611HSRVPLA1','Caleb Alfonso','Lovio','Lopez','alfonsoloviocaleb@gmail.com',397),(1155,'POML071023HSRRNSA4','Luis Angel','Portillo','Montoya','luisangelportillo2007@gmail.com',397),(1156,'CEGM071011MSRRRCA3','Michelle Daniela','Cervantes','Gracia','cervantesgraciamichelledaniela@gmail.com',398),(1157,'COMR070112HPLRNCA5','Ricardo Hemir','Cortes','Montalvo','cortesricardo226@gmail.com',398),(1158,'MOSB070212HSRRLRA4','Brayan','Moreno','Solís','brayanmorenosolis12@gmail.com',398),(1159,'FEGN080712MSRLSYA9','Nayeli','Félix','Gastélum','nf23200014@bachilleresdesonor.edu.mx',399),(1160,'MULC080525HSRXYRA6','Carlos Yoel','Muñoz','Leyva','cm23200017@bachilleresdesonora.edu.mx',399),(1161,'CAML080102MSRNXZA8','Lizbeth Ariana','Cano','Muñoz','ic23200006@bachilleresdesonora.edu.mx',399),(1162,'DIHJ061223HPLZRNA9','JHONATHAN','DIAZ','HUERTA','j8687908@gmail.com',400),(1163,'SOVE060824HSRTGLA5','ELLIOT','SOTO','VEGA','elliotsotov87@gmail.com',400),(1164,'AUEA061017HSRNSLB3','ALVARO JHOSEL HEZRAI','ANDUJO','ESTRADA','andujoalvaro7@gmail.com',400),(1165,'AUEA071103MSRCSNA6','Ana Victoria','Acuña','Estrella','A01254991@tec.mx',401),(1166,'AIMS080912MSRSRFA7','Sofia','Astiazarán','Moreno','A01255031@tec.mx',401),(1167,'MOCE071222HSRRRMA9','Emilio','Morales','Córdova','A01255134@tec.mx',401),(1168,'NORU060203HSRSSNA0','NESTOR','OROZCO','RUIZ','nestoriusjr@gmail.com',402),(1169,'VALJ060603HBCZMLA6','JULIAN DANIEL','VAZQUEZ','LOMELI','vazquezjulian964@gmail.com',402),(1170,'EACR060302HSRSSNA0','RENE ALONSO','ESCALANTE','CASTILLO','raescalante032@gmail.com',402),(1171,'FIEG060217HOCGNZA4','Giezi','Figueroa','Enriquez','giezienriquezx01@gmail.com',403),(1172,'RIDL060407MSRVLSA4','Luisa Fernanda','Rivera','Delgado','fernanriv49@gmail.com',403),(1173,'VECO070528HSRLRMA1','Omar Abel','Velásquez','Cortina','velasquezomar334@gmail.com',403),(1174,'SAED060815MSRLNNA5','Daniela','Salcido','Enriquez','dany06salen@gmail.com',404),(1175,'CASJ070707HNEHLSA7','Jesús Andres','Chavez','Salcido','andressalcido07@gmail.com',404),(1176,'EIUG071029MSRNRRA4','Grecia Vianney','Enriquez','Urias','chimueloypimi@gmail.com',404),(1177,'MEHA070712MSRDRKA4','AIKO NIKITA','MEDINA','HURTADO','medina.aiko.cb37@gmail.com',405),(1178,'SADR070404MSRNTNA8','MARÍA RENEÉ','SÁNCHEZ','DAUTT','sanchez.mariarenee.cb37@gmail.com',405),(1179,'LOCV071108HSRPZLA5','VALENTÍN','LÓPEZ','CAZARES','lopez.valentin.cb37@gmail.com',405),(1180,'MAGL060823HSRRRSA4','Luis Antonio','Martinez','Grijalva','luisantoniomartinezgrijalva06@gmail.com',406),(1181,'AAGD060101HSLRSGA2','Diego Guadalupe','Aragón','Gastelum','diegoaragon327@gmail.com',406),(1182,'DIJL060726HSRZMSA0','Luis de jesus','Díaz','Jiménez','Luisdiaz260706@outlook.com',406),(1183,'RECA060827MSRNSMA3','AMÉRICA VIANNEY','RENOVA','CASTRO','renovaamerica4@gmail.com',407),(1184,'LUMS060925HSRPCRA7','SERGIO EDGARDO','LUPERCIO','MACIAS','sergio.lupercio.cm22@cbtis81.edu.mx',407),(1185,'FOMR060712HSRLNDA7','RODRIGO','FLORES','MONREAL','rodrigo.flores.ctm21@cbtis81.edu.mx',407),(1186,'BAVM060608HSRRGGA5','Miguel Fernando','Barrera','Vega','miguelfernandobarreravega@gmail.com',408),(1187,'SABP060607MNENLLA2','Paola','Sandoval','Beltrán','paola.sandoval.beltran@gmail.com',408),(1188,'GODE060311HMCNZDA9','Edwin jael','Gonzalez','Díaz','edwingonzalezdiaz@gmail.com',408),(1189,'MUTJ060717HVZRDRA2','JAIRO','MURILLO','TEODORO','jairo17mute@gmail.com',409),(1190,'HECA060913MSRRNNA2','ANA ESMERALDA','HERNANDEZ','CONCEPCION','eh388633@gmail.com',409),(1191,'MAGO060702HSRTNSA4','OSVALDO EDUARDO','MATIAS','GONZALEZ','osvaldogonzales970@gmail.com',409),(1192,'NAGD081204MSRVLRA6','DARIANA','NAVARRO','GALINDO','DARYNAVARRO08@GMAIL.COM',410),(1193,'AAGI080926MNEGMSA1','ISABEL','AGRAZ','GOMEZ MAQUEO','ALINEGMC@GMAIL.COM',410),(1194,'AABJ080402MSRLRMA3','JIMENA','ALVAREZ','BRIONES','ABRIONESJIMENA@GMAIL.COM',410),(1195,'CUBE060905HSRRRMA4','Emilio','Cruz','Briseño','emcruz@alumnos.irlandeshermosillo.com',411),(1196,'LOMO051202HSRPJCA4','Octavio','López','Mojarra','olopez@alumnos.irlandeshermosillo.com',411),(1197,'EAVI070114HSRSZVA6','Ivan Arturo','Escalante','Vizcaino','iescalante@alumnos.irlandeshermosillo.com',411),(1198,'GAPJ070712HSRRDNA7','Juan Pablo','Garza','Pedraza','jgarza@alumnos.irlandeshermosillo.com',412),(1199,'GADJ070329HSRLVNA5','Juan Pablo','Galindo','Dávila','jgalindo@alumnos.irlandeshermosillo.com',412),(1200,'CXCA061110HSRRLDA3','Adolfo','Cardenas','Clerici','acardenas@alumnos.irlandeshermosillo.com',412),(1201,'CAFF070324MSRRMRA0','MARIA FERNANDA','CARRILLO','FIMBRES','MARIFERCARFIM@GMAIL.COM',413),(1202,'MOHA061227MNERNNA0','ANDREA','MORALES','HINOJOZA','ANDREAMORALESH27@HOTMAIL.COM',413),(1203,'MOHD061227MNERNLA6','PAULINA','MORALES','HINOJOZA','PAUMORALESSH@HOTMAIL.COM',413),(1204,'MEEI070331MSRNSSA4','ISABELLA','MENDEZ','ESCALANTE','ISAMENDEZ331@GMAIL.COM',414),(1205,'MASA070418MNEDNNA6','ANDREA','MADRID','SANCHEZ','ANDREAMADRIDSANCHEZ03@GMAIL.COM',414),(1206,'AULF061207MSRGPRA2','FERNANDA','AGUILAR','LOPEZ','AGUILARLOPEZFERNANDA0712@GMAIL.COM',414),(1207,'EIMD070526HSRNRGA3','Diego Alejandro','Encinas','Moreno','diegoalejncnsinas@gmail.com',415),(1208,'SOGJ070823HSRFNNA3','Juan Manuel','Soufflee','González','souffleej@gmail.com',415),(1209,'LOML070626HSRPJSA9','Luis Carlos','López','Mejía','Luislopezmejia2007@gmail.com',415),(1210,'SASR070706HNELLBA9','Roberto','Salido','Salazar','rsalido@alumnos.irlandeshermosillo.com',416),(1211,'SAZJ080116HNELDNA1','Juan Francisco','Salazar','Zaied','jsalazar@alumnos.irlandeshermosillo.com',416),(1212,'PUSJ080709HNENLN00','Juan Alfonso','De la Puente','Salazar','jdelapuente@alumnos.irlandeshermosillo.com',416),(1213,'AAGD070623MDFLRNA2','Daniela','Alvarado','Garduño','dalvarado@alumnos.irlandeshermosillo.com',417),(1214,'CAGF061216MSRNRLA0','Florencia','Cano','Garza','fcano@alumnos.irlandeshermosillo.com',417),(1215,'RECA070207MSRXNNA2','Ana Loreta','De la Ree','Cantu','adelaree@alumnos.irlandeshermosillo.com',417),(1216,'RUCE060807HSRZMMA7','Emiliano','Ruiz','Campillo','a01254467@tec.mx',418),(1217,'CAMM070105HSRHRRA7','Mario','Chaidez','Martínez','a01255330@tec.mx',418),(1218,'SAGD070411HSRNRGA1','Diego','Sánchez','García','a01254395@tec.mx',418),(1219,'AESI070223MSRRRVA3','IVANA','ARBESU','SUAREZ','IVANAARBESU@GMAIL.COM',419),(1220,'GAFA060729MSRMGNA6','ANA BEATRIZ','GAMEZ','FIGUEROA','ANABGAMEZF@ICLOUD.COM',419),(1221,'LUPR061107MSRNRGA3','MARIA REGINA','LUNA','PEREZ','MARIAREGINALUNAPEREZ@GMAIL.COM',419),(1222,'HEHB061212MNERRTA6','BEATRIZ MARIA','HERNANDEZ','HERRMANN','BMHH06@YAHOO.COM',420),(1223,'IUPX061030MNERMMA8','XIMENA','IRURETAGOYENA','POMPA','XIMENAIP@ICLOUD.COM',420),(1224,'COCP070701MSRRMLA2','MARIA PAULA','CORRALES','CAMOU','MARIAPCORRALESCAMOU@GMAIL.COM',420),(1225,'OIGV070802MSRRRCA6','VICTORIA','ORTIZ','GRIJALVA','VICTORIAORTIZG12@GMAIL.COM',421),(1226,'SACK070403MSRLRRA6','MARIA KRISTINA','SALAZAR','CORDOVA','MARIAKRISTINASCORDOVA@HOTMAIL.COM',421),(1227,'OAMG070717MNELLRA3','GRETA','OLAIZ','MULLER','GRETAOM17@GMAIL.COM',421),(1228,'AEMP080420HNERNTA9','Patricio','Arredondo','Mancilla','parredondo@alumnos.irlandeshermosillo.com',422),(1229,'TASD080718HNERQGA1','Diego','Siqueiro','Trasviña','strasvina@alumnos.irlandeshermosillo.com',422),(1230,'PUPF070720HNEBHRA8','Puebla','Pohls','Fernando','fpuebla@alumnos.irlandeshermosillo.com',422),(1231,'SAON051010MSRNNTA2','NATALIA','SANTOS','ONTIVEROS','nani.santosontiveros@gmail.com',423),(1232,'GOSM060222MSRMCRA6','MARIANA','GOMEZ','SAUCEDO','MARIANAGSAU@GMAIL.COM',423),(1233,'GOSC071108MSRMCMA6','CAMILA','GOMEZ','SAUCEDO','CAMILAGSAU18@GMAIL.COM',423),(1234,'COVI060919MSRRLNA9','MARIA INES','CORNEJO','VALDEZ','MARIAINESCOVE01@gmail.com',424),(1235,'PAOL060207MSLLNZA4','LUZ CAROLINA','PALOMARES','ONTIVEROS','LUZZPALOMARES@GMAIL.COM',424),(1236,'PELA060506MNERJMA8','AMANDA','PEREZ','LUJAN','AMANDAPEREZLUJAN@HOTMAIL.COM',424),(1237,'MOBP050910MSRRBLA5','MARIA PAULA','MORALES','BIEBRICH','MAPAULAMOBIE@HOTMAIL.COM',425),(1238,'CUSG051225MSRBLBA0','GABRIELA','CUBILLAS','SALIDO','GABYCUBI25@HOTMAIL.COM',425),(1239,'CUVX060410MSRVLMA6','XIMENA','CUEVAS','VALDEZ','XCUEVASVALDEZ@GMAIL.COM',425),(1240,'GALL060111MSRRZHA0','LIZ FERNANDA','GARCIA','LOHR','LIZ.GARCIA@EDUCARE.EDU.MX',426),(1241,'CODA050614MSRRRLA9','ALEJANDRA','CORRAL','DORAME','ALECORRAL2005@HOTMAIL.COM',426),(1242,'AUMV060508MSLNNCA8','VICTORIA','ANGULO','MONTOYA','M6624VIC123@OUTLOOK.COM',426),(1243,'DUBM060911MNERLRA8','MARIANA','DURAZO','BALDERRAMA','MARIANADB11@HOTMAIL.COM',427),(1244,'CABF060414MNEHRFA2','MARIA FERNANDA','CHAIDEZ','BRINGAS','MARIAFERNANDA_CH@OUTLOOK.ES',427),(1245,'NOGC060207MSRRJRA5','CAROLINA','NORIEGA','GUAJARDO','KARONORIEGAAG@ICLOUD.COM',427),(1246,'VASC070414MSRLLMA7','Camila Fernanda','Valenzuela','Salazar','A01254550@tec.mx',428),(1247,'SASV070304MDFNTLA9','Valeria Elisabet','Santiago','Soto','A01254871@tec.mx',428),(1248,'LAMA070602HSRNNNA2','Andree Alejandro','Landavazo','Montaño','A01254712@tec.mx',428),(1249,'RALV060322MSRMDLA9','VALERIA','RAMIREZ','LADRIERE','VALERIARAMIIREZ@GMAIL.COM',429),(1250,'MOMB060217MSRNRTA5','BEATRIZ','MONTAÑO','MORENO','BEATRIZMONTANO483@GMAIL.COM',429),(1251,'HUEC051208MNERSSA8','CASSANDRA','HUERTA','ESPINOSA','CASSANDRAHUERTAE@GMAIL.COM',429),(1252,'COME060521HNEPRDA3','Eduardo','Coppel','Martínez','ecoppel@alumnos.irlandeshermosillo.com',430),(1253,'GARP070507MNENBLA2','Paloma Bours','Gándara','Robinson','pgandara@alumnos.irlandeshermosillo.com',430),(1254,'COSE081126HNENRDA7','Edward Luis','Contreras','Sierra','econtreras@alumnos.irlandeshermosillo.com',430),(1255,'RONP060610HDGMJBA7','Pablo Arturo','Romero','Nájera','romeronajerapabloarturo10@gmail.com',431),(1256,'VICR060119HSRLRBA9','Roberto','Villa','Coronado','robertovillac19@gmail.com',431),(1257,'VERJ061017HSRGBRA5','Jorge Luis','Vega','Rubio','luisvega1706@hotmail.com',431),(1258,'NAOC060829MSRVCSA7','Casandra Yoselyn','Navarro','Ocaño','casandranavarroocano@gmail.com',432),(1259,'SAAJ061027HSRNCSA3','Jesus Leonardo','Sanchez','Acosta','jesus.sanchez@irgmx.com',432),(1260,'GAHA060915HSRRRXA7','Axel Haron','García','Hernandez','ag21180057@bachilleresdesonora.edu.mx',432),(1261,'RIRR060105HSRSZMA6','RAMON ANGEL','RIOS','RUIZ','ramonriosrz8@gmail.com',433),(1262,'LORJ060927HSRPJSA4','JOSHUA','LOPEZ','ROJO','Joshualopezrojo@gmail.com',433),(1263,'BUGA060714HSRZNLA6','ALEJANDRO','BUZANI','GONZALEZ','alejandrobuzani02@gmail.com',433),(1264,'CALA060601HSRXPLA1','ALEXIS','CAÑEZ','LOPEZ','alexiscanezlopez@gmail.com',434),(1265,'AUME061023HNEGRSA4','ESTEBAN OMAR','AGUIRRE','MURRIETA','estebanomaraguirre@gmail.com',434),(1266,'POVK050104HSRNDVA3','KEVIN ADRIAN','PONCE','VIDALES','poncevidaleska@gmail.com',434),(1267,'EABR040315HSRSRMA2','RAMBEL ALAIN','ESTRADA','BARRERA','rambelalaine@gmail.com',435),(1268,'VEMG060914HSRRNLA9','GAEL EDUARDO','VERDIN','MINJAREZ','gaeleduardoverdin@gmail.com',435),(1269,'JUSR061117HSRRNCA8','RICARDO EDUARDO','JUAREZ','SANGRI','ricardoucnb@gmail.com',435),(1270,'AURC051227HSRGVRA4','CRIS HIRAM','AGUILAR','RIVERA','crisblandito@gmail.com',436),(1271,'FIHM061208MSRGRYA4','MIYHELENICK','FIGUEROA','HUERTA','miyhelenickfh@gmail.com',436),(1272,'RIEJ061011HSRVSNA0','JONATAN JOSUE','RIVERA','ESCALANTE','jjosue.r3@gmail.com',436),(1273,'CIIA070901MSRSBNA6','Ana Paula','Ciscomani','Ibarra','A01254548@tec.mx',437),(1274,'BUMV060818MSRSRCA5','Victoria','Bustillo','Miranda','A01254422@tec.mx',437),(1275,'DUMO070530HSRRNSA0','Oscar Emilio','Duarte','Montes','A01254471@tec.mx',437),(1276,'EIHI061023HMSSRSA5','Isaac','Espinoza','Hernandez','espinozahernandezisaaccb11@gmail.com',438),(1277,'REMN050509MSRLRCA0','Nicole Yazury','Realivasquez','Moreno','realivasquezmorenonicolecb11@gmail.com',438),(1278,'REVL060723MSRSRRA1','Loredana','Restivo','Vera','restivoveraloredanacb11@gmail.com',438),(1279,'MOPJ060302HSRNCSA2','Jesus Manuel','Monzon','Pacheco','monzon020306@gmail.com',439),(1280,'IAHD060711HSRBRGA3','Diego Michell','Ibarra','Hernandez','michellibarra2468@gmail.com',439),(1281,'OOCH060125HSRTSCA5','Hector','Othon','Castro','Hectorios1919@gmail.com',439),(1282,'GAMI060302MSRRRVA6','IVANA ABIGAIL','GRANADOS','MARTINEZ','ivanaabi02@gmail.com',440),(1283,'MOMP061226MSRNRLA4','POLETTE ALEJANDRA','MONDRAGON','MORALES','pomomo1226@gmail.com',440),(1284,'VEMJ060204HSRGLNA3','JUAN PABLO','VEGA','MOLINA','juanpavemo@gmail.com',440),(1285,'FOVZ060227MSRLNLA3','ZULEMA','FLORES','VINDIOLA','zulemafloresv@gmail.com',441),(1286,'PACB061009MSRRHRA5','BARBARA GABRIELA','PAREDES','CHAVEZ','barbaraparedes590@gmail.com',441),(1287,'ZAMP060303HSRZDLA0','PAUL GUILLERMO','ZAZUETA','MEDINA','paulguillermo303@gmail.com',441),(1288,'GASA070507MSRLLDA4','Adriana Paola','Gallardo','Salcido','adrianagallardo2007@gmail.com',442),(1289,'AEHL070127HSRRRSA4','José Luis','Arévalo','Hernandez','josearevalo2707@gmail.com',442),(1290,'AIRJ070105HSRBSNA7','Juan Pablo','Abril','Rosas','juanpa.abrilr@gmail.com',442),(1291,'CASA060805HSRBLLA0','Alan Alejandro','Cabrera','Solis','cabrera.alan.cb37@gmail.com',443),(1292,'BATR060118MSRLRGA9','Regina','Bálzamo','Torres','reginabalzamo@gmail.com',443),(1293,'GACA061231MSRRRNA1','Ana Cristina','García','Cruz','garcia.anacristina.cb37@gmail.com',443),(1294,'LORE060319HSRPCDA3','José Eduardo','López','Rochin','jl21040239@bachilleresdesonora.edu.mx',444),(1295,'LEMA061122MSRRNLA1','Alessa María','Lerma','Meinders','al21040092@bachilleresdesonora.edu.mx',444),(1296,'PECY060715HSRRRSA1','Yasser Josafath','Pérez','Carrazco','yp21040051@bachilleresdesonora.edu.mx',444),(1297,'GAMV070219HSRRRCA1','Víctor Sebastián','García','Martínez','garcia.victor.pk22@gmail.com',445),(1298,'FEOL071016HSRLZSA7','Luis Omar','Félix','Ozuna','felix.luis.pk23@gmail.com',445),(1299,'MATJ070702HSRDRMA3','Jimmy','Madrid','Trejo','madrid.jimmy.pk22@gmail.com',445),(1300,'NOGA070814MSRRNNA2','Andrea Guadalupe','Noriega','Gonzalez','andreanorgon@gmail.com',446),(1301,'GOPK070511MSRMRTA7','Katia del rocio','Gómez','Paredes','kgomezpa@alerce.edu.mx',446),(1302,'CAZC060214MSRMVSA0','Casandra Valentina','Camacho','Zavala','casandracamacho48@gmail.com',446),(1303,'HEOG071215MSRRLLA2','Gala María','Hernández','Olivarría','a01255109@tec.mx',447),(1304,'MAFF070904HSRRLRA8','Franco','Martínez','Felix','a01255177@tec.mx',447),(1305,'OIDN070307MSRRRRA1','Nirvanna','Ortiz','Durazo','a01250896@tec.mx',447),(1306,'BACM060506HSRLRRA5','Mario Alexis','Ballesteros','Carrillo','mballesteros062020@colegioalfa.mx',448),(1307,'DETA061001MSRNNNA6','Ana Sophia','Deng','Tan','sophia.deng0110@gmail.com',448),(1308,'LIZN060923MSRZZCA4','Nicole Elizabeth','Lizarraga','Zazueta','nlizarraga062020@colegioalfa.mx',448),(1309,'HESD070716MGRRNNA8','DIANA LAURA','HERNANDEZ','SANCHEZ','diana.hernandez@unilider.edu.mx',449),(1310,'VEEA070120MSRGSNA8','ANA CLARISA','VEGA','ESPINOZA','ana.vega@unilider.edu.mx',449),(1311,'MARA071018HSRGVNA7','ANGEL URIEL','MAGAÑA','RIVERA','angel.magana@unilider.edu.mx',449),(1312,'CAFP050626HSRMNBA7','José Pablo','Campa','De La Fuente','jose.campa@unilider.edu.mx',450),(1313,'HEJC061208MMNRSLA1','Claudia Jael','Hernández','De Jesús','claudia.hernandez@unilider.edu.mx',450),(1314,'REXV060615MNEYXNA4','Vania','Reynoso','.','vania.reynoso@unilider.edu.mx',450),(1315,'GOVM071012MSRNLYA3','Mylka Helena','González','Villegas','a01254777@tec.mx',451),(1316,'ZAHV070224MSRVRLA9','Valeria','Zavala','Hernández','a01254559@tec.mx',451),(1317,'VASB070422MSRLPRA2','Brenda','Valle','Sepúlveda','a01254481@tec.mx',451),(1318,'FOJA071018MSRRMLA8','Alondra Vidal','Fourcade','Jimenes','alondrav.fourcade@conservatoriofrayivotoneck.com',452),(1319,'FOJJ071018HSRRMNA7','Juan Uriel','Fourcade','Jimenez','luis.uriasr@gmail.com',452),(1320,'FEMG070106MSRRCBA6','Gabriela','Fernández','Machiria','gabymachifedz@gmail.com',452),(1321,'VARM060331HSRLDGA4','Miguel Yared','Valenzuela','Rodríguez','yared313@gmail.com',453),(1322,'CAPA061028HSRNSNA9','Angel Mario','Cantú','Pescina','mayito28.cs@gmail.com',453),(1323,'RIEP070827HSRSNDA1','Pedro','Ríos','Enríquez','riosp8166@gmail.com',453),(1324,'HEBE051123HTSRRRA9','Erick David','Hernández','Barrios','hernandez.erick.pk22@gmail.com',454),(1325,'VARF061011HSLLCRA0','Francisco','Valdez','De la Rocha','valdez.francisco.puk21@gmail.com',454),(1326,'AIBH061020HSRVLRA8','Hiram Josué','Aviles','Ballesteros','aviles.hiram.puk21@gmail.com',454),(1327,'AARA061017MSRNVNA0','Ana Sofía','Anaya','Rivera','anasofiarivera1706@gmail.com',455),(1328,'VECM051030HSRGRNA9','Manuel Abraham','Vega','Corral','manuelabrahamvegacorral@gmail.com',455),(1329,'AENK070115MSRRRRA4','Karla Guadalupe','Armenta','Noriega','elsagpe@live.com.mx',455);
/*!40000 ALTER TABLE `concursante` ENABLE KEYS */;
UNLOCK TABLES;

--
-- Table structure for table `enlace_activacion`
--

DROP TABLE IF EXISTS `enlace_activacion`;
/*!40101 SET @saved_cs_client     = @@character_set_client */;
/*!40101 SET character_set_client = utf8 */;
CREATE TABLE `enlace_activacion` (
  `enlace_id` int(10) unsigned NOT NULL AUTO_INCREMENT,
  `usuario_id` int(10) unsigned NOT NULL,
  `token` varchar(255) COLLATE utf8mb4_unicode_ci NOT NULL,
  `fecha_creacion` timestamp NOT NULL DEFAULT current_timestamp(),
  PRIMARY KEY (`enlace_id`),
  KEY `usuario_id` (`usuario_id`),
  CONSTRAINT `enlace_activacion_ibfk_1` FOREIGN KEY (`usuario_id`) REFERENCES `usuario` (`usuario_id`)
) ENGINE=InnoDB AUTO_INCREMENT=721 DEFAULT CHARSET=utf8mb4 COLLATE=utf8mb4_unicode_ci;
/*!40101 SET character_set_client = @saved_cs_client */;

--
-- Dumping data for table `enlace_activacion`
--

LOCK TABLES `enlace_activacion` WRITE;
/*!40000 ALTER TABLE `enlace_activacion` DISABLE KEYS */;
INSERT INTO `enlace_activacion` VALUES (384,260,'d8321563428b116a86492a0b469e86943439b61e','2023-07-06 15:11:48'),(386,260,'c63e55cf195f2e036a892df129a3ecb2e856b7ae','2023-07-10 21:36:23'),(387,258,'3a885b7b83ae8a3640e420af09095e6c0a428b15','2023-07-10 21:39:04'),(394,260,'df4c265561030a0a6eafde2331715008ca0f1e2b','2023-07-15 21:55:14'),(402,262,'17093b06095c18488256d71e45651a8fbae7a8fd','2023-07-24 07:05:50'),(403,260,'7e8ee6308cb0039f2e41fad1a2cc58101d090106','2023-07-24 21:13:38'),(404,263,'360625ee874d9f54e898f107508c00091575dc9a','2023-07-24 21:25:24'),(405,260,'da9e698e3e89c4428db5fc4242f9e20360747c1e','2023-07-24 21:27:06'),(407,263,'a8ef36a9eb4aba046582cb27238efc38afce0a8b','2023-07-24 21:36:49'),(409,268,'323437bc20cadae0d2fb2a595ca3ffbd6c84e43fd894ab','2023-07-29 04:03:49'),(410,269,'323438643abcc73d7c87c779ff99cfee0ca248da2b13fc','2023-07-29 04:07:09'),(412,264,'7f5cf5fb232a58525907e705d0099a056b4ac86d','2023-07-30 22:34:06'),(421,275,'323533a391eea4036931e6d244dab73986120f78cd7af7','2023-08-11 18:31:01'),(425,279,'323537019bec0570da964f5ff2a05e7eced9c2be032a5b','2023-08-15 04:00:40'),(428,282,'323630f75a6efc0ca1b9774acdb9daad0835ff5d940790','2023-08-18 03:06:08'),(446,299,'323734fbcdd64ea7b9f6c688a9a8af43b2621e17c3b21d','2023-08-25 20:50:57'),(451,304,'32373964f13d78804f9e1ff85e7d1e6691107118a7443c','2023-08-29 19:15:55'),(453,306,'32383131741837362f0caea71ee019e773c430e507652b','2023-08-29 19:56:54'),(454,307,'3238326402112fd8762f81257c3849d9401056b2494344','2023-08-29 20:18:22'),(455,308,'3238330f6d80866ff7ddd207e1ce768ca7bac67ebe9b81','2023-08-29 20:28:58'),(457,310,'3238354244a9dcfa514c3be1a2a3cbbf55d51607a3bb95','2023-08-29 20:40:38'),(458,311,'323836ca1e2575b93bdbe8aaeb80ceefbfaa2b8f83d017','2023-08-29 20:48:21'),(477,315,'6b84dcce78da4d71dbccc4c0d786c683ffa81732','2023-08-30 02:45:33'),(491,319,'152e23bbec92719ebaa76b66854f8bd434f3e48b','2023-08-30 17:00:49'),(493,338,'333133b678575278a3925b13d28fd4a3ea22d138164a98','2023-08-30 17:48:23'),(495,319,'83333a9563446688acdaed9ed88f410de4a66f7b','2023-08-30 23:34:08'),(503,319,'e113fbdac8bba99a7d0686db680a7cc705e5982e','2023-08-31 18:56:22'),(533,347,'5a9f183180c8419a7b3feaf9aa9d983496ac4746','2023-09-04 21:44:08'),(539,375,'12b2da61cf1aea29ef7b942c4db3540dad7e88c7','2023-09-05 05:17:53'),(545,380,'3335357d424243557b7a8e0f31c08054c98f60f8257ebe','2023-09-06 17:01:57'),(573,406,'3338310a4ff97556dce1848f44983e7eb641c0a5378e6b','2023-09-12 19:51:44'),(583,416,'33393154cc7331b04b6dffa67ac4828ee81b0482889f4e','2023-09-13 20:05:17'),(584,417,'33393285a907ba3f01aac6c12f7da1720bbb1e399bf846','2023-09-13 20:17:20'),(585,418,'33393390d9494ef497ad094ae80e3327b28cc97091b1f8','2023-09-13 20:28:15'),(590,331,'8f45516a94a56777874dd46e0f4add70bce1107d','2023-09-14 00:22:53'),(605,348,'b90c5c38ad73b8585f387fe9415790a08664ec78','2023-09-15 15:58:34'),(608,438,'3431333d9ed7e7c0b2fc0eddf6d8b27bd559006fb51678','2023-09-15 16:31:32'),(616,446,'3432311135e3332cbf498fb0021d25c12725409109e422','2023-09-15 18:56:08'),(619,449,'343234aee22e1872116d12cd9dea7b1f5c672976ff6cdb','2023-09-15 20:13:44'),(620,450,'343235977021c6c99801948b58ee3c86643d346da44518','2023-09-15 20:17:38'),(621,451,'343236c904257b6008c3d34c589704c69180d26d73cdc9','2023-09-15 20:22:26'),(622,452,'343237abcbc7fb9ed884943f57bc0d10111125f80e794a','2023-09-15 20:26:13'),(624,454,'343239f68d650bc3174f02cb1d3a6343769a43148c2a8c','2023-09-15 20:36:57'),(628,458,'3433335e3cb7f8a5aed7edbbbbad9655a3b95daa22c02f','2023-09-16 00:03:25'),(643,473,'39ad23ced558c29aaae87c6c1d8f533fc91a4870','2023-09-16 05:50:35'),(653,381,'04f25e1d1c20b143c7ffa076d6844858500495c8','2023-09-18 23:17:08'),(657,385,'f2940ee9bc07145f23144dd9ffd7b122050d12ce','2023-09-19 02:45:36'),(662,391,'c3ae387b1c3af5aee23ac4dbc762cb36ad7aa973','2023-09-19 23:45:25'),(663,330,'51f7ff7ed9fa9b3e9f534492de4d9006d84bd58b','2023-09-20 02:23:34'),(664,330,'52496e0b642cc809da39b0fa12d07b02bd8048ba','2023-09-20 03:06:48'),(665,330,'711b94da8f86280d8107a8ec933bf2d465a65658','2023-09-20 03:07:17'),(666,330,'33761386154a2abb05dad03ea12b2a41e48b4d21','2023-09-20 03:07:25'),(667,330,'85e11ae81abd745c373e72272111601b89616803','2023-09-20 03:09:01'),(668,330,'22eadbb6c15dbfa48abf97adbd5bd143f8d88e31','2023-09-20 03:09:14'),(669,330,'bde6ce637317f6882d2c5c46bdf1a968f4877473','2023-09-20 03:15:24'),(672,291,'f977622f77455c3d220ef1c8b283a9ed2b23d1d6','2023-09-20 04:04:28'),(677,314,'71aabca867fe6c844d2fc85c4adbe75929cf6397','2023-09-20 19:58:31'),(680,415,'998aaf5e97414ad7a88e7877067213407c359860','2023-09-21 22:01:24'),(681,483,'d50d8cc2220bb9ec938413ddde69f1d5565c29fd','2023-09-27 01:40:40'),(682,472,'878bad0e104fd670d360b59da0af3275501f216a','2023-09-27 01:40:50'),(685,487,'39d870f0d972cfbc542b3b15b676ed55efcb783b','2023-09-27 01:42:09'),(691,473,'5a7850a4aac47dffd0fe6bfa84e97e85c059b6f8','2023-09-27 01:54:12'),(694,399,'1459759df6ebf3eb5ea0d94dcf37c2cda1a7db4a','2023-09-28 18:03:30'),(704,465,'2c5e7acfdee2456b4c160fa20451ba7f537052ca','2023-10-11 06:42:04'),(705,465,'b9df25fc0c4ceab9818960143afe421ae0243a6f','2023-10-11 06:44:13'),(706,465,'bdf632ec0536d707024a076d81779ef1c4b85f92','2023-10-11 06:45:34'),(707,465,'5097b0f36722ebe28afa6ceaedd012587528363c','2023-10-11 06:46:27'),(709,486,'a66a89a9289ddf20f6a2beed8fda832648371e39','2023-11-01 23:30:23'),(718,527,'c998f2442e15056e4ff97d09ac47b9fe5688cc5b','2024-04-15 18:53:32'),(719,529,'754c7c8a7ac6239d4bbf5b50765f8e415d77c0a0','2024-04-15 21:52:10'),(720,533,'8e45bfa4490913bcbefb29bb238cf12081caf2d4','2024-04-22 04:56:14');
/*!40000 ALTER TABLE `enlace_activacion` ENABLE KEYS */;
UNLOCK TABLES;

--
-- Table structure for table `equipo`
--

DROP TABLE IF EXISTS `equipo`;
/*!40101 SET @saved_cs_client     = @@character_set_client */;
/*!40101 SET character_set_client = utf8 */;
CREATE TABLE `equipo` (
  `equipo_id` int(10) unsigned NOT NULL AUTO_INCREMENT,
  `equipo_edicion` year(4) NOT NULL,
  `equipo_nombre` varchar(255) COLLATE utf8mb4_unicode_ci NOT NULL,
  `equipo_asesor` varchar(255) COLLATE utf8mb4_unicode_ci NOT NULL,
  `escuela_cct` char(10) COLLATE utf8mb4_unicode_ci NOT NULL,
  `estado_registro` tinyint(2) DEFAULT NULL,
  `equipo_usuario` int(10) unsigned DEFAULT NULL,
  `equipo_fecha_modificacion` timestamp NOT NULL DEFAULT current_timestamp(),
  PRIMARY KEY (`equipo_id`),
  UNIQUE KEY `equipo_nombre` (`equipo_nombre`),
  UNIQUE KEY `equipo_usuario` (`equipo_usuario`),
  KEY `escuela_cct` (`escuela_cct`),
  CONSTRAINT `equipo_ibfk_1` FOREIGN KEY (`escuela_cct`) REFERENCES `escuela` (`cct`)
) ENGINE=InnoDB AUTO_INCREMENT=456 DEFAULT CHARSET=utf8mb4 COLLATE=utf8mb4_unicode_ci;
/*!40101 SET character_set_client = @saved_cs_client */;

--
-- Dumping data for table `equipo`
--

LOCK TABLES `equipo` WRITE;
/*!40000 ALTER TABLE `equipo` DISABLE KEYS */;
INSERT INTO `equipo` VALUES (244,1975,'Los Mate-Poderosos','Adrian Vazquez','26ECB0015A',3,258,'2023-07-24 21:33:45'),(245,1975,'Los Mate Burros','Adrian Vázquez Osorio','26ECB0015A',3,262,'2023-07-24 21:34:28'),(246,1975,'Los MateProbadores01','Adrian Vázquez Osorio','26ETK0006R',1,267,'2023-07-29 03:58:12'),(247,1975,'Los MateProbadores05','Adrian Vazquez','26DTA0161D',1,268,'2023-07-29 04:03:49'),(248,1975,'Los MateProbadores08','Emilio Icedo','26ETK0035M',0,269,'2023-07-29 04:07:08'),(249,1975,'Prueba Carolina 1.0 y si le cambio','Carolina Espinoza Villalva','26ECB0007S',1,271,'2023-08-03 15:29:23'),(250,1975,'Los Matehualos','Eduardo Velasco Barreras','26PBH0170U',2,272,'2023-08-10 17:54:12'),(251,1975,'Los exitosos','Carlos Perez','26PBH3648H',0,273,'2023-08-11 02:10:30'),(252,1975,'MathDreamTeam','Maryam Mirzakhani Hernández','26EMS0009X',0,274,'2023-08-11 16:58:18'),(253,1975,'Poisson al cubo','Mikhail Karasev','26ETC0007H',0,275,'2023-08-11 18:31:01'),(254,1975,'MatePoderosos','Adrian Vázquez','26ETC0024Y',2,276,'2023-08-14 04:21:46'),(255,1975,'MatePoderosos 0','Adrian Vázquez','26ETC0024Y',3,277,'2023-08-14 05:44:32'),(256,1975,'MatePoderosos 00','Adrian Vázquez','26ETC0024Y',0,278,'2023-08-14 06:53:40'),(257,1975,'1233','123','26ETK0036L',0,279,'2023-08-15 04:00:40'),(258,1975,'MatePoderosos 000','Adrian Vázquez','26PBH3648H',2,280,'2023-08-15 04:51:43'),(259,2023,'melolengos','erick morales mercado','26ECB0018Y',3,281,'2023-08-30 06:25:29'),(260,2023,'The brainers','Erick Morales Mercado','26ECB0018Y',2,282,'2023-08-24 21:39:50'),(261,2023,'Zasojan','Kendor Emanuel O’shelly Parada','26PBH0218X',2,283,'2023-08-27 23:32:30'),(262,2023,'Aluminio','Kendor O’Shelly','26PBH0218X',0,284,'2023-08-19 00:05:47'),(263,2023,'Toros en MatematiKs','GUILLERMO MONTAÑO ANGUAMEA','26DCT0064Z',2,285,'2023-08-27 21:44:12'),(264,2023,'Chicas Tec','María Teresa Villegas','26PBH0028F',2,286,'2023-08-27 20:59:40'),(265,2023,'Pequeñas rositas','Erik Morales Mercado','26ECB0018Y',3,287,'2023-08-29 03:20:46'),(266,2023,'The breakers','Erick Morales Mercado','26ECB0018Y',3,288,'2023-08-24 21:46:11'),(267,2023,'Equipo √49','Francisco Enrique Ortíz López','26PBH3648H',2,290,'2023-08-27 21:50:18'),(268,2023,'las super poderosas','Kendor','26PBH0218X',2,291,'2023-09-20 23:41:13'),(269,2023,'Math Monkis','Luis César Corrales Nevárez','26PBH0028F',2,292,'2023-08-27 21:07:10'),(270,2023,'Picafresas','Erik Morales Mercado','26ECB0018Y',2,293,'2023-08-29 03:16:47'),(271,2023,'Metales Alcalinos','Kendor Emanuel O´Shelly Parada','26PBH0218X',2,296,'2023-08-27 23:29:02'),(272,2023,'Los algebraicos','Irma Patricia Bernal Hernandez','26PCB0006Z',2,297,'2023-08-27 21:03:56'),(273,2023,'Los Euclidianos','Irma Patricia Bernal Hernandez','26PCB0006Z',2,298,'2023-08-27 21:10:10'),(274,2023,'Los guerreros','Irma Patricia Bernal Hernandez','26PCB0006Z',2,299,'2023-08-27 21:16:20'),(275,2023,'Cuervos','Roberto Daniel Cortes','26ECB0012D',2,300,'2023-08-27 21:29:39'),(276,2023,'Cougars','Ana Evelia Valenzuela Sotelo','26PBH0213B',2,301,'2023-08-30 06:32:49'),(277,2023,'Las procrastinadoras unidas','Laura Elena Navarro Ramos','26ECB0009Q',2,302,'2023-08-30 17:02:27'),(278,2023,'MathTEC','Ximena Guadalupe Nevárez Rodríguez','26PBH0028F',2,303,'2023-08-31 22:17:08'),(279,2023,'LOS KIRBYS','VERDUGO ESQUER EMMA AURORA','26ETC0002M',2,304,'2023-08-30 15:36:11'),(280,2023,'INTELECTUALES','VILLEGAS GOCOBACHI IMELDA GUADALUPE','26ETC0002M',2,305,'2023-08-30 06:39:36'),(281,2023,'DINAMITA','VERDUGO ESQUER EMMA AURORA','26ETC0002M',2,306,'2023-08-31 03:36:37'),(282,2023,'TEAM PITBUL','VERDUGO ESQUER EMMA AURORA','26ETC0002M',3,307,'2023-09-01 17:21:08'),(283,2023,'TEAM  DOBERMAN','VERDUGO ESQUER EMMA AURORA','26ETC0002M',2,308,'2023-08-30 15:38:15'),(284,2023,'Cubo 17','Laura Elena Navarro Ramos','26ECB0009Q',2,309,'2023-08-30 06:44:36'),(285,2023,'LOS PELONES','VERDUGO ESQUER EMMA AURORA','26ETC0002M',2,310,'2023-08-31 03:57:06'),(286,2023,'HP OMEN','VERDUGO ESQUER EMMA AURORA','26ETC0002M',2,311,'2023-09-02 02:40:39'),(287,2023,'Lobos','Kendor Emmanuel O’shelly Parada','26PBH0218X',2,312,'2023-08-30 16:48:37'),(288,2023,'303','Daniel Villa Aguilar','26ECB0021L',2,313,'2023-08-30 06:51:11'),(289,2023,'Alfa Dinamita','Carlos Alfredo Ruelas Alcaraz','26ECB0006T',2,314,'2023-08-31 04:13:30'),(290,2023,'BEE','Carlos Alfredo Ruelas Alcaraz','26ECB0006T',2,315,'2023-09-19 21:18:26'),(291,2023,'Hamasse del 303m','Daniel Villa Aguilar','26ECB0021L',2,316,'2023-08-30 15:41:25'),(292,2023,'super mathematical stars','Gabriela casian Armenta','26ECB0006T',2,317,'2023-08-30 07:00:48'),(293,2023,'Tilines inzanos','Jose Antonio Guizar Suárez','26ECB0019X',2,318,'2023-09-18 21:19:25'),(294,2023,'ELM','Carlos Alfredo Ruelas Alcaraz','26ECB0006T',2,319,'2023-09-02 02:46:52'),(295,2023,'Haber que sale','Carlos Alfredo Ruelas Alcaraz','26ECB0006T',0,320,'2023-09-26 20:27:20'),(296,2023,'Delta','Carol Yaneth Corral López','26PBH0028F',2,321,'2023-08-31 03:22:15'),(297,2023,'305 vespertino','Carlos Alfredo Ruelas Alcaraz','26ECB0006T',2,322,'2023-08-31 04:25:49'),(298,2023,'Los tilines','Carlos Alfredo Ruelas Alcaraz','26ECB0006T',2,323,'2023-09-02 02:49:10'),(299,2023,'Númerofilicos','Carlos Alfredo Ruelas Alcaraz','26ECB0006T',2,324,'2023-08-30 15:51:53'),(300,2023,'Paradigma','Carlos Alfredo Ruelas Alcaraz','26ECB0006T',2,325,'2023-08-30 17:05:02'),(301,2023,'PEO company','Carlos Alfredo Ruelas Alcaraz','26ECB0006T',2,326,'2023-08-31 04:31:11'),(302,2023,'Team infierno','Carlos Alfredo Ruelas Alcaraz','26ECB0006T',2,327,'2023-09-02 02:53:08'),(303,2023,'Los cbtianos','Jorge Alapizco Hernández','26DCT0037C',2,328,'2023-08-30 16:59:44'),(304,2023,'Los Problemáticos','Luis César Corrales Nevárez','26PBH0028F',2,329,'2023-08-30 17:09:31'),(305,2023,'MCTRIO','JOSE ALEJANDRO ALVAREZ YAÑEZ','26ECB0005U',2,330,'2023-08-30 17:15:17'),(306,2023,'EquipoUmizoomi','Libia Libet Mendivil Valdez','26ECB0021L',2,331,'2023-09-02 02:55:25'),(307,2023,'Borregos-CAA','Carol Yaneth Corral López','26PBH0028F',2,332,'2023-08-30 15:55:25'),(308,2023,'Las Quesabirrias','Edgar Antonio Estrada Solorza','26ETC0026W',2,333,'2023-08-30 17:12:31'),(309,2023,'Las inadaptadas','Elva Alejandra Santoyo Rodríguez','26ETC0026W',2,334,'2023-09-05 04:48:00'),(310,2023,'Los humildes','Edgar Antonio Estrada Solorza','26ETC0026W',2,335,'2023-09-02 02:59:17'),(311,2023,'POWER RANGERS','Edgar Antonio Estrada Solorza','26ETC0026W',2,336,'2023-08-30 15:57:55'),(312,2023,'FAM','Carlos Alfredo Ruelas Alcaraz','26ECB0006T',2,337,'2023-09-02 03:24:44'),(313,2023,'Los Isibasis','Abraham Ramsés Velásquez Kraff','26PBH0028F',3,338,'2023-08-31 22:05:06'),(314,2023,'A37','Gerardo Morales Cervantes','26ECB0023J',2,339,'2023-09-02 03:03:32'),(315,2023,'Sándwich de Jamón','Rodolfo Mungía Soto','26PBH0125H',2,340,'2023-09-01 16:27:31'),(316,2023,'las esquizofrenicas','Laura Elena Navarro Ramos','26ECB0009Q',2,341,'2023-08-31 21:43:53'),(317,2023,'C.M.S','Rodolfo Munguía Soto','26PBH0125H',2,342,'2023-08-31 22:10:32'),(318,2023,'Hamassedel303','Daniel Villa Aguilar','26ECB0021L',3,343,'2023-09-20 01:49:20'),(319,2023,'Jaque Mate','Rodolfo Munguía Soto','26PBH0125H',2,344,'2023-09-01 16:28:55'),(320,2023,'Saltimbanquis','Rodolfo Munguía Soto','26PBH0125H',2,345,'2023-08-31 21:58:32'),(321,2023,'Costeños','Jose Luis Contreras Montiel','26ETC0024Y',3,346,'2023-09-07 20:06:42'),(322,2023,'COBACH 2','MARIA DEL SOCORRO MALDONADO MORALES','26ECB0010F',2,347,'2023-08-31 22:14:55'),(323,2023,'Matepapus','Rodolfo Munguia Soto','26PBH0125H',2,348,'2023-09-01 16:30:29'),(324,2023,'Limaz','Carmen Elena Estrella Oviedo','26PBH0171T',2,349,'2023-09-02 03:27:10'),(325,2023,'Los Desintegradores','Gilberto Campa Etchechuriy','26ECB0001Y',2,350,'2023-09-06 17:02:14'),(326,2023,'Diferente nivel','Edgar Antonio Estrada Solorza','26ETC0026W',2,351,'2023-09-02 03:11:37'),(327,2023,'Team Rayo','Elva Alejandra Santoyo Rodríguez','26ETC0026W',2,352,'2023-09-04 16:04:21'),(328,2023,'Unidos por un objetivo','Elva Alejandra Santoyo Rodríguez','26ETC0026W',2,353,'2023-09-02 03:29:12'),(329,2023,'TRAPITO','ISRAEL MORALES MARTÍNEZ','26ECB0010F',2,354,'2023-09-06 17:00:42'),(330,2023,'MATEX','RICARDO RUIZ MOROYOQUI','26ECB0010F',2,355,'2023-09-02 03:18:27'),(331,2023,'MATHGROUP','RICARDO RUIZ MOROYOQUI','26ECB0010F',2,356,'2023-09-04 16:05:59'),(332,2023,'El mactrio','Elva Alejandra Santoyo Rodríguez','26ETC0026W',2,357,'2023-09-02 03:31:25'),(333,2023,'Mentes de Tiburón','Karla Gabriela Ríos','26PBH0107S',2,358,'2023-09-06 21:38:29'),(334,2023,'La decepción de Pitágoras','Karla Gabriela Rios Solis','26PBH0107S',2,359,'2023-09-02 03:20:56'),(335,2023,'LOS PARALELOS','SERGIO GONZALES CERVANTES','26ECB0028E',2,360,'2023-09-04 16:12:22'),(336,2023,'Matemáticas503','José Manuel Bastida lucero','26ECB0006T',2,361,'2023-09-04 16:25:12'),(337,2023,'los ex-men','Angelina Valenzuela Chavez','26ECB0004V',0,362,'2023-09-02 17:54:17'),(338,2023,'Los Hijos De Pitágoras','Leticia Gabriela Cassian Armenta','26ECB0006T',2,363,'2023-09-05 17:12:23'),(339,2023,'Swifties','María Elena Conde Hernández','26ECB0001Y',2,364,'2023-09-04 16:14:37'),(340,2023,'Descendientes de Gauss','Concepción Valenzuela Garcia','26ECB0007S',2,365,'2023-09-04 16:27:41'),(341,2023,'Las 3x3','Luis Ernesto Bárcena Munguía','26ECB0021L',2,366,'2023-09-18 21:23:23'),(342,2023,'Escuadron Lobo','Luis Ernesto Bárcena Munguia','26ECB0021L',2,367,'2023-09-05 17:19:04'),(343,2023,'Shark tank','Carmen Elena Estrella Oviedo','26PBH0171T',0,368,'2023-09-06 16:42:29'),(344,2023,'Cobaya','Myrna Haydée Villa Echegaray','26ECB0010F',2,369,'2023-09-06 16:48:21'),(345,2023,'Tilines insanos','Elva Alejandra Santoyo Rodríguez','26ETC0026W',2,370,'2023-09-06 16:59:05'),(346,2023,'Los mismos de siempre','Edgar Antonio Estrada Solorza','26ETC0026W',2,371,'2023-09-05 17:16:39'),(347,2023,'Stardust','Blanca Lourdes Palomares Rosas','26ECB0011E',2,372,'2023-09-06 16:43:58'),(348,2023,'PAY DE LIMON','FIDEL LAZARO DEL REAL NUÑEZ','26ETC0005J',2,373,'2023-09-19 22:06:03'),(349,2023,'Los cuervos del norte','Jesús Moroni Hernández Olvera','26ECB0012D',2,374,'2023-09-06 21:37:11'),(350,2023,'Cordovitas AOS','Víctor Manuel Córdova Navarro','26ECB0017Z',2,375,'2023-09-05 17:24:48'),(351,2023,'Kino','María del Carmen Trillas Luque','26PBH0033R',2,376,'2023-09-06 16:45:56'),(352,2023,'Los Mugiwaras','Profr. Jorge Alberto Esquer Lizzo','26ECB0009Q',2,377,'2023-09-06 16:51:20'),(353,2023,'REXITOS','JORGE UBALDO FIERROS BOBADILLA','26PBH0107S',2,378,'2023-09-06 21:33:39'),(354,2023,'Fondo de Pikini','Jorge Urbaldo Fierros Bobadilla','26PBH0107S',2,379,'2023-09-06 17:14:56'),(355,2023,'BOTARDOS','Jorge Urbaldo Fierros Bobadilla','26PBH0107S',3,380,'2023-09-06 21:32:15'),(356,2023,'PAPULINCES','Mtro. Victor Manuel Cordova Navarro','26ECB0017Z',2,381,'2023-09-06 21:40:46'),(357,2023,'Hooty','Librada Cardenas Esquer','26ECB0018Y',2,382,'2023-09-06 21:44:08'),(358,2023,'DINAMIKE 2.0','ISRAEL MORALES MARTÍNEZ','26ECB0010F',2,383,'2023-09-19 22:54:57'),(359,2023,'Muris Pa','Edgar Antonio Estrada Solorza','26ETC0026W',2,384,'2023-09-08 15:15:58'),(360,2023,'Unidas por el objetivo','Edgar Antonio Estrada Solorza','26ETC0026W',2,385,'2023-09-25 03:36:05'),(361,2023,'Moroni Team','Jesus Moroni Hernandez Olvera','26ECB0012D',2,386,'2023-09-19 01:05:48'),(362,2023,'Einsteins-XS','Luz Concepción Almada Hurtado','26PBH0107S',0,387,'2023-09-07 15:01:18'),(363,2023,'Panini al cubo','Martin Vega Gómez','26DCT0128U',2,388,'2023-09-08 15:18:23'),(364,2023,'cobacholos3000','Ana Luisa Escalante Cerecer','26ECB0025H',2,389,'2023-09-19 23:15:48'),(365,2023,'PJJ','María Teresa Villegas Bailón','26PBH0028F',2,390,'2023-09-10 22:14:48'),(366,2023,'Luxitas','Marissa Esther Castro Duarte','26PBH0049S',2,391,'2023-09-12 21:27:21'),(367,2023,'Conalep','Miguel Garcia Figueroa','26DPT0004P',2,392,'2023-09-19 01:17:29'),(368,2023,'The Division','Karla Rios','26PBH0107S',2,393,'2023-09-10 22:11:47'),(369,2023,'Equipo cbtis188','Miguel Espinoza Camargo','26DCT0188I',2,394,'2023-09-18 03:18:42'),(370,2023,'CBTis 81 Agua Prieta','Fabian Simental Holguin','26DCT0081Q',3,395,'2023-09-13 22:10:35'),(371,2023,'JoyBoys','Xóchitl Corrales Negrete','26ECB0024I',2,396,'2023-09-19 01:22:41'),(372,2023,'SIN MIEDO AL ÉXITO','Irineo Figueroa Yépiz','26DCT0207G',2,397,'2023-09-20 02:13:54'),(373,2023,'PANTERAS CB207','Humberto Vega Yin','26DCT0207G',2,398,'2023-09-19 01:24:09'),(374,2023,'O+T=3','Marissa Castro Duarte','26PBH0049S',2,399,'2023-09-13 22:13:04'),(375,2023,'Eureka','Brenda Ernestina Leal Morales','26ECB0020M',2,400,'2023-09-18 03:21:37'),(376,2023,'Los exponencales','Brenda Ernestina Leal Morales','26ECB0020M',0,401,'2023-09-12 15:41:36'),(377,2023,'KDA','Brenda Ernestina Leal Morales','26ECB0020M',2,402,'2023-09-19 01:27:00'),(378,2023,'THE ELEC TIGERS','Benjamin Manriquez Valencia','26DCT0011V',2,403,'2023-09-12 21:19:53'),(379,2023,'Contañoños','Benjamin Manriquez Valencia','26DCT0011V',2,404,'2023-09-19 01:40:04'),(380,2023,'Programadores sin futuro','Benjamín Manríquez Valencia','26DCT0011V',2,405,'2023-09-19 21:21:10'),(381,2023,'RRS','Luis Ernesto Bárcena Munguia','26ECB0021L',2,406,'2023-09-18 03:23:37'),(382,2023,'PHI','Benjamin Manriquez Valencia','26DCT0011V',2,407,'2023-09-12 21:17:01'),(383,2023,'Las 500','Miguel Ángel Camacho Dorame','26PCB0082E',2,408,'2023-09-19 01:30:58'),(384,2023,'Los mateburros','Librada Cárdenas Esquer','26ECB0018Y',3,409,'2023-09-20 02:37:59'),(385,2023,'HawKillers','Benjamín Manríquez Valencia','26DCT0011V',2,410,'2023-09-19 01:52:40'),(386,2023,'301','Daniel Villa Águilar','26ECB0021L',3,411,'2023-09-13 22:19:29'),(387,2023,'drop','Benjamin Manriquez Valencia','26DCT0011V',2,412,'2023-09-18 03:25:53'),(388,2023,'ARK','Benjamín Manríquez Valencia','26DCT0011V',2,413,'2023-09-19 23:21:09'),(389,2023,'Los Pollos Hermanos','Benjamín Manríquez Valencia','26DCT0011V',2,414,'2023-09-19 01:34:11'),(390,2023,'CACHORROS DEL DESIERTO','MARIO ALBERTO CERVANTES ATIENZO','26ECB0014B',2,415,'2023-09-13 22:15:53'),(391,2023,'los siqueiros','Laura Elena Navarro Ramos','26ECB0009Q',2,416,'2023-09-19 02:22:37'),(392,2023,'los pisteiros','Laura Elena Navarro Ramos','26ECB0009Q',3,417,'2023-09-19 21:22:14'),(393,2023,'loskomander','Laura Elena Navarro Ramos','26ECB0009Q',3,418,'2023-09-18 03:30:06'),(394,2023,'El Trio Dinamico','Benjamin Manriquez Valencia','26DCT0011V',2,419,'2023-09-13 22:18:15'),(395,2023,'cobacholos','Mario Alberto Cervantes Atienzo','26ECB0014B',2,420,'2023-09-19 01:37:20'),(396,2023,'HP MATRACA','IMELDA GUADALUPE VILLEGAS GOCOBACHI','26ETC0002M',3,421,'2023-09-20 02:48:55'),(397,2023,'Los pelones2','Emma Aurora Verdugo','26ETC0002M',3,422,'2023-09-19 03:01:55'),(398,2023,'Los tri-ángulos','Jose Ítalo Sánchez Gil','26PCB0032X',2,423,'2023-09-19 21:24:17'),(399,2023,'Los exponenciales','Brenda Ernestina Leal Morales','26ECB0020M',2,424,'2023-09-18 03:31:39'),(400,2023,'LOS RELATIVOS','DAVID OSWALDO MARQUÉS MONTES','26ETC0020B',3,425,'2023-09-19 23:34:47'),(401,2023,'Trigonométricos','Andrea Ojeda','26PBH0028F',2,426,'2023-09-19 01:44:46'),(402,2023,'LOS MATEMAGICOS','BOGAR ULISES MURILLO GASTELUM','26PCB0009W',2,427,'2023-09-20 03:38:34'),(403,2023,'Zainos','Obdulio Castaño Sosa','26ECB0022K',0,428,'2023-09-14 18:10:56'),(404,2023,'COBACH ESPEC','Obdulio Castaños Sosa','26ECB0022K',3,429,'2023-09-19 22:14:37'),(405,2023,'VAM','Jesus Antonio Benitez Lizarraga','26DCT0037C',2,430,'2023-09-18 03:33:47'),(406,2023,'Equipo A','Martín Vega Gómez','26DCT0128U',2,431,'2023-09-20 00:07:24'),(407,2023,'MATH-LOVER','FABIÁN SIMENTAL HOLGUIN.','26DCT0081Q',2,432,'2023-09-19 01:47:47'),(408,2023,'Números Maestros','Juan Manuel Bastida Lucero','26ECB0006T',2,433,'2023-09-20 03:06:00'),(409,2023,'Los 3 furiosos','Elva Alejandra Santoyo Rodríguez','26ETC0026W',2,434,'2023-09-19 03:38:13'),(410,2023,'Thezianas','MAYRA ALEJANDRA MAZÓN MENDEZ','26PBH0146U',2,435,'2023-10-03 23:33:03'),(411,2023,'Los Problema-ticos','Luis Fernando Mendivil Elias','26PBH3408I',2,436,'2023-09-18 03:39:08'),(412,2023,'los pitagóricos','Luis Fernando Mendivil Elias','26PBH3408I',2,437,'2023-09-19 23:42:05'),(413,2023,'MAP','MAYRA ALEJANDRA MAZÓN MENDEZ','26PBH0146U',3,438,'2023-09-19 01:53:24'),(414,2023,'ISFA','MAYRA ALEJANDRA MAZÓN MENDEZ','26PBH0146U',2,439,'2023-09-20 03:08:15'),(415,2023,'Los Skibidi','Blanca Eugenia Badilla Soto','26ETC0016P',2,440,'2023-09-20 01:42:43'),(416,2023,'Los mapaches enmascarados','Luis Fernando Mendivil Elias','26PBH3408I',3,441,'2023-09-25 03:47:42'),(417,2023,'Irish team','Luis Fernando Mendivil Elias','26PBH3408I',2,442,'2023-09-18 03:42:11'),(418,2023,'Miel','Carol Corral Llanes','26PBH0028F',2,443,'2023-09-19 23:48:36'),(419,2023,'MIA','MAYRA ALEJANDRA MAZÓN MENDEZ','26PBH0146U',2,444,'2023-09-19 01:59:05'),(420,2023,'MATIS','MAYRA ALEJANDRA MAZÓN MENDEZ','26PBH0146U',2,445,'2023-09-20 03:36:22'),(421,2023,'VMG','MAYRA ALEJANDRA MAZÓN MENDEZ','26PBH0146U',0,446,'2023-09-15 18:56:07'),(422,2023,'sixers','Luis Fernando Mendivil Elias','26PBH3408I',3,447,'2023-09-19 21:42:18'),(423,2023,'MATHEZ','MAYRA ALEJANDRA MAZÓN MENDEZ','26PBH0146U',2,448,'2023-09-18 03:43:33'),(424,2023,'LAM','M','26PBH0146U',2,449,'2023-09-19 23:53:05'),(425,2023,'THE WINNERS','MAYRA ALEJANDRA MAZÓN MENDEZ','26PBH0146U',2,450,'2023-09-19 02:01:50'),(426,2023,'VAL','MAYRA ALEJANDRA MAZÓN MENDEZ','26PBH0146U',3,451,'2023-09-20 03:47:18'),(427,2023,'LAS 3 MATEMATICAS','MAYRA ALEJANDRA MAZÓN MENDEZ','26PBH0146U',3,452,'2023-09-19 04:45:00'),(428,2023,'Golden Team','Gerardo Fabian Peraza Siqueiros','26PBH0028F',2,453,'2023-09-19 21:46:07'),(429,2023,'CBV','MAYRA ALEJANDRA MAZÓN MENDEZ','26PBH0146U',2,454,'2023-09-18 03:45:07'),(430,2023,'Los puercoespín','Luis Fernando Mendivil Elias','26PBH3408I',3,455,'2023-09-19 23:56:59'),(431,2023,'La compañía del cálculo','Martín Vega Gómez','26DCT0128U',2,456,'2023-09-19 02:07:39'),(432,2023,'UnidosPorElObjetivo','Librada Cárdenas','26ECB0018Y',2,457,'2023-09-20 03:51:23'),(433,2023,'LOBOS ARH','Elva Georgina García Mora','26DCT0132G',2,458,'2023-09-19 04:19:49'),(434,2023,'LOBOS LQU','Gerardo Alfredo Dominguez Gutiérrez','26DCT0132G',2,459,'2023-09-19 21:50:50'),(435,2023,'LOBOS PRG','Gerardo Alfredo Dominguez Gutiérrez','26DCT0132G',2,460,'2023-09-18 03:48:24'),(436,2023,'Los enigmas','Ana Lizette Manzano Robles','26PBH0182Z',2,461,'2023-09-20 00:01:02'),(437,2023,'VAPO','Carol Yaneth Corral López','26PBH0028F',2,462,'2023-09-19 02:11:16'),(438,2023,'Problemas y soluciones','Raymundo Martínez Montaño','26DCT0011V',2,463,'2023-09-20 04:25:27'),(439,2023,'albañiles del 132','Gerardo Alfredo Dominguez Gutierrez','26DCT0132G',2,464,'2023-09-19 04:24:51'),(440,2023,'Los mateatléticos','Ana Lizette Manzano Robles','26PBH0182Z',2,465,'2023-09-19 22:01:09'),(441,2023,'Los barbaros','Ana Lizette Manzano Robles','26PBH0182Z',2,466,'2023-09-20 23:32:38'),(442,2023,'Alfa buena maravilla onda dinamita escuadrón lobo','Marissa Esther Castro Duarte','26PBH0049S',2,467,'2023-09-20 00:10:35'),(443,2023,'Espías de Barbie','Esthela Marina García Reyes','26DCT0037C',2,468,'2023-09-19 02:15:27'),(444,2023,'YAR','Blanca Márquez Domínguez','26ECB0004V',2,469,'2023-09-20 04:29:26'),(445,2023,'Ojos de Ajolote','Juan Manuel Villa Hernández','26PBH0005V',0,470,'2023-09-16 03:56:31'),(446,2023,'Alerce','Jose Alberto Mendoza Flores','26PBH0197A',2,471,'2023-10-14 17:29:16'),(447,2023,'browniegalleta','Mercedes Trinidad Lerva Ramos','26PBH0028F',2,474,'2023-09-20 23:36:21'),(448,2023,'Alfa Team','Pascual Zerecero Espinoza','26PCB0091M',2,475,'2023-09-20 00:12:22'),(449,2023,'Los tres titanes','Aime Madai Martínez Talamante','26PBH0176O',2,476,'2023-09-19 02:18:27'),(450,2023,'MateChickens','Ramón Alfonso Lamadrid Corrales','26PBH0176O',2,477,'2023-09-20 04:38:55'),(451,2023,'OPPEINSTELL','David Alejandro Duarte Moroyoqui','26PBH0028F',2,478,'2023-09-19 04:34:03'),(452,2023,'Los consentidos','Luis Alfredo Urias Ruiz','26ECB0023J',3,479,'2023-09-19 21:57:41'),(453,2023,'MATHNIACS','Christian Saúl Bustamante García','26PBH0026H',2,480,'2023-09-20 23:38:22'),(454,2023,'queso','Joan Manuel Villa Hernández','26PBH0005V',2,481,'2023-09-20 00:14:41'),(455,2023,'Chicken Mcnugget','María Gabriela Gil Lopez','26ECB0002X',2,482,'2023-09-20 23:42:52');
/*!40000 ALTER TABLE `equipo` ENABLE KEYS */;
UNLOCK TABLES;

--
-- Table structure for table `escuela`
--

DROP TABLE IF EXISTS `escuela`;
/*!40101 SET @saved_cs_client     = @@character_set_client */;
/*!40101 SET character_set_client = utf8 */;
CREATE TABLE `escuela` (
  `cct` char(10) COLLATE utf8mb4_unicode_ci NOT NULL,
  `nombre` varchar(255) COLLATE utf8mb4_unicode_ci NOT NULL,
  PRIMARY KEY (`cct`),
  UNIQUE KEY `cct` (`cct`)
) ENGINE=InnoDB DEFAULT CHARSET=utf8mb4 COLLATE=utf8mb4_unicode_ci;
/*!40101 SET character_set_client = @saved_cs_client */;

--
-- Dumping data for table `escuela`
--

LOCK TABLES `escuela` WRITE;
/*!40000 ALTER TABLE `escuela` DISABLE KEYS */;
INSERT INTO `escuela` VALUES ('02DCT0082F','CENTRO DE BACHILLERATO TECNOLOGICO INDUSTRIAL Y DE SERVICIOS NUM. 21'),('02DCT0237R','CENTRO DE BACHILLERATO TECNOLOGICO INDUSTRIAL Y DE SERVICIOS NUM. 237'),('02ECB0006J','COLEGIO DE BACHILLERES DE BAJA CALIFORNIA PLANTEL GUADALUPE VICTORIA'),('02ECB0032H','COLEGIO DE BACHILLERES DE BAJA CALIFORNIA PLANTEL PRIMER AYUNTAMIENTO PLAYAS DE ROSARITO'),('02ETC0002C','COLEGIO DE ESTUDIOS CIENTIFICOS Y TECNOLOGICOS PLANTEL XOCHIMILCO'),('02PBH0030K','CENTRO EDUCATIVO PATRIA'),('02PBH0035F','BACHILLERATO U.N.D.L.'),('02PBH0256Q','CENTRO DE ENSEÑANZA TECNICA Y SUPERIOR'),('02PBH0272H','PREPARATORIA XOCHICALCO CAMPUS ENSENADA'),('02PBH3040L','CENTRO DE ENSENANZA TECNICA Y SUPERIOR'),('02PBH3715F','PREPARATORIA DE LA FRONTERA'),('02PCT0018J','POLITECNICO DE BAJA CALIFORNIA'),('26DCT0011V','CENTRO DE BACHILLERATO TECNOLOGICO INDUSTRIAL Y DE SERVICIOS NUM. 11'),('26DCT0037C','CENTRO DE BACHILLERATO TECNOLOGICO INDUSTRIAL Y DE SERVICIOS NUM. 37'),('26DCT0064Z','CENTRO DE BACHILLERATO TECNOLOGICO INDUSTRIAL Y DE SERVICIOS NUM. 64'),('26DCT0069V','CENTRO DE ESTUDIOS TECNOLOGICOS INDUSTRIAL Y DE SERVICIOS NUM. 69'),('26DCT0081Q','CENTRO DE BACHILLERATO TECNOLOGICO INDUSTRIAL Y DE SERVICIOS NUM. 81'),('26DCT0128U','CENTRO DE ESTUDIOS TECNOLOGICOS INDUSTRIAL Y DE SERVICIOS NUM. 128'),('26DCT0132G','CENTRO DE BACHILLERATO TECNOLOGICO INDUSTRIAL Y DE SERVICIOS NUM. 132'),('26DCT0188I','CENTRO DE BACHILLERATO TECNOLOGICO INDUSTRIAL Y DE SERVICIOS NUM. 188'),('26DCT0206H','CENTRO DE BACHILLERATO TECNOLOGICO INDUSTRIAL Y DE SERVICIOS NUM. 206'),('26DCT0207G','CENTRO DE BACHILLERATO TECNOLOGICO INDUSTRIAL Y DE SERVICIOS NUM. 207'),('26DPT0004P','PLANTEL CONALEP 047. HERMOSILLO I'),('26DTA0026Z','CENTRO DE BACHILLERATO TECNOLOGICO AGROPECUARIO NUM. 26'),('26DTA0161D','CENTRO DE BACHILLERATO TECNOLOGICO AGROPECUARIO NUM. 161'),('26DTA0197S','CENTRO DE BACHILLERATO TECNOLOGICO AGROPECUARIO NUM. 197'),('26DTA0264Z','CENTRO DE BACHILLERATO TECNOLOGICO AGROPECUARIO NUM. 264'),('26ECB0001Y','COLEGIO DE BACHILLERES PLANTEL VILLA DE SERIS'),('26ECB0002X','COLEGIO DE BACHILLERES DE NAVOJOA'),('26ECB0003W','COLEGIO DE BACHILLERES PLANTEL EUSEBIO FRANCISCO KINO'),('26ECB0004V','COLEGIO DE BACHILLERES PLANTEL LIC. ALBERTO FLORES URBINA'),('26ECB0005U','COLEGIO DE BACHILLERES DE CABORCA'),('26ECB0006T','COLEGIO DE BACHILLERES DE PUERTO PENASCO'),('26ECB0007S','COLEGIO DE BACHILLERES PLANTEL JESÚS GUILLERMO CAREAGA CRUZ'),('26ECB0009Q','COLEGIO DE BACHILLERES DE SAN LUIS R COLORADO'),('26ECB0010F','COLEGIO DE BACHILLERES DE OBREGON II'),('26ECB0011E','COLEGIO DE BACHILLERES DE ALAMOS'),('26ECB0012D','COLEGIO DE BACHILLERES DE EMPALME'),('26ECB0014B','COLEGIO DE BACHILLERES DE SONOYTA'),('26ECB0015A','COLEGIO DE BACHILLERES DE PUEBLO YAQUI'),('26ECB0017Z','COLEGIO DE BACHILLERES PLANTEL ALVARO OBREGON SALIDO'),('26ECB0018Y','COLEGIO DE BACHILLERES PLANTEL NUEVO HERMOSILLO'),('26ECB0019X','COLEGIO DE BACHILLERES PLANTEL NOGALES'),('26ECB0020M','COLEGIO DE BACHILLERES PLANTEL QUETCHEHUECA'),('26ECB0021L','FAUSTINO FELIX SERNA'),('26ECB0022K','COLEGIO DE BACHILLERES PLANTEL PLUTARCO ELIAS CALLES'),('26ECB0023J','COLEGIO DE BACHILLERES PLANTEL JOSE MARIA MAYTORENA TAPIA'),('26ECB0024I','COLEGIO DE BACHILLERES PLANTEL HERMOSILLO V'),('26ECB0025H','COLEGIO DE BACHILLERES PLANTEL OBREGON III'),('26ECB0027F','COLEGIO DE BACHILLERES PLANTEL BAHIA DE KINO'),('26ECB0028E','COLEGIO DE BACHILLERES PLANTEL CALIFORNIA'),('26ECB0030T','COLEGIO DE BACHILLERES PLANTEL NOGALES II'),('26EMS0009X','CENTRO DE EDUCACION MEDIA SUPERIOR A DISTANCIA MASIACA'),('26EMS0017F','CENTRO DE EDUCACION MEDIA SUPERIOR A DISTANCIA YECORA'),('26EMS0018E','CENTRO DE EDUCACION MEDIA SUPERIOR A DISTANCIA PUERTO LIBERTAD'),('26ETC0001N','PROF. E ING. CARLOS RENE LEYVA BARRERA'),('26ETC0002M','COLEGIO DE ESTUDIOS CIENTIFICOS Y TECNOLOGICOS UNIDAD SANTA ANA'),('26ETC0004K','COLEGIO DE ESTUDIOS CIENTIFICOS Y TECNOLOGICOS UNIDAD BANAMICHI'),('26ETC0005J','COLEGIO DE ESTUDIOS CIENTIFICOS Y TECNOLOGICOS UNIDAD BENJAMIN HILL'),('26ETC0007H','COLEGIO DE ESTUDIOS CIENTIFICOS Y TECNOLOGICOS UNIDAD SAHUARIPA'),('26ETC0008G','COLEGIO DE ESTUDIOS CIENTIFICOS Y TECNOLOGICOS UNIDAD HERMOSILLO I'),('26ETC0010V','COLEGIO DE ESTUDIOS CIENTIFICOS Y TECNOLOGICOS UNIDAD BACUM'),('26ETC0016P','COLEGIO DE ESTUDIOS CIENTIFICOS Y TECNOLOGICOS UNIDAD HERMOSILLO III'),('26ETC0018N','JUSTO SIERRA'),('26ETC0019M','COLEGIO DE ESTUDIOS CIENTIFICOS Y TECNOLOGICOS DEL ESTADO DE SONORA BACUM'),('26ETC0020B','COLEGIO DE ESTUDIOS CIENTIFICOS Y TECNOLOGICOS DEL ESTADO DE SONORA OBREGON'),('26ETC0021A','COLEGIO DE ESTUDIOS CIENTIFICOS Y TECNOLOGICOS UNIDAD SAN PEDRO EL SAUCITO'),('26ETC0023Z','COLEGIO DE ESTUDIOS CIENTIFICOS Y TECNOLOGICOS DEL ESTADO DE SONORA UNIDAD NOGALES 2'),('26ETC0024Y','COLEGIO DE ESTUDIOS CIENTIFICOS Y TECNOLOGICOS DEL ESTADO DE SONORA UNIDAD POBLADO MIGUEL ALEMAN'),('26ETC0026W','COLEGIO DE ESTUDIOS CIENTIFICOS Y TECNOLOGICOS DEL ESTADO DE SONORA PESQUEIRA'),('26ETK0006R','TELEBACHILLERATO COMUNITARIO MAYCOBA'),('26ETK0035M','TELEBACHILLERATO COMUNITARIO EL SASABE'),('26ETK0036L','TELEBACHILLERATO COMUNITARIO EJIDO CUAUHTEMOC, CAMPO 5'),('26PBH0005V','UNIVERSITARIA KINO'),('26PBH0026H','PREPARATORIA DEL ITESM UNIDAD NAVOJOA'),('26PBH0028F','PREPARATORIA DEL ITESM CAMPUS SONORA NORTE'),('26PBH0033R','PREPARATORIA KINO UNIDAD GUAYMAS'),('26PBH0042Z','COLEGIO MUÑOZ, S. C. UNIDAD EL LLANO'),('26PBH0049S','COLEGIO LUX'),('26PBH0091H','CDI ALFAES S.C.'),('26PBH0103W','COLEGIO BENEMERITO DE LAS AMERICAS A.C.'),('26PBH0107S','PREPARATORIA DEL COLEGIO REGIS'),('26PBH0125H','INSTITUTO ANGLO-MEXICANO, A.C.'),('26PBH0141Z','INSTITUTO REGIONAL DE GUAYMAS, A.C. UNIDAD OBREGON'),('26PBH0146U','LICEO THEZIA'),('26PBH0152E','CAMPOGRANDE'),('26PBH0163K','PREPARATORIA UNEPROP'),('26PBH0170U','LICEO SAN AGUSTIN'),('26PBH0171T','ESCUELA PREPARATORIA SAN JUAN BAUTISTA DE LA SALLE'),('26PBH0176O','PREPARATORIA UNIVERSIDAD UNILIDER'),('26PBH0181Z','INSTITUTO DE CIENCIAS Y EDUCACION SUPERIOR A.C.'),('26PBH0182Z','PREPARATORIA LARREA'),('26PBH0197A','PREPARATORIA ALERCE'),('26PBH0201X','COLEGIO MARTINIE S.C.'),('26PBH0213B','INSTITUTO VANGUARDIA DE HERMOSILLO'),('26PBH0216Z','PREPARATORIA MUNICIPAL OMAR OSVALDO ROMO COVARRUVIAS UNIDAD LA MESA'),('26PBH0218X','PREPARATORIA MUNICIPAL OMAR OSVALDO ROMO COBARRUVIAS UNIDAD COLOSIO'),('26PBH0223I','COLEGIO MUÑOZ S.C. UNIDAD VILLA BONITA'),('26PBH3408I','UNIVERSIDAD ANAHUAC, BACHILLERATO IRLANDES HERMOSILLO'),('26PBH3648H','UNIVERSIDAD TECMILENIO HERMOSILLO'),('26PCB0006Z','I C A D E S'),('26PCB0009W','PEDRO DE GANTE'),('26PCB0032X','MARIA YOLANDA ANDRADE ANTELO'),('26PCB0070Z','FUNDACION PRESBITERO LUIS LOPEZ ROMO, I.A.P.'),('26PCB0082E','PREPARATORIA LIDHÉ, S. C.'),('26PCB0091M','ALFA HIGH SCHOOL');
/*!40000 ALTER TABLE `escuela` ENABLE KEYS */;
UNLOCK TABLES;

--
-- Temporary table structure for view `escuela_bc`
--

DROP TABLE IF EXISTS `escuela_bc`;
/*!50001 DROP VIEW IF EXISTS `escuela_bc`*/;
SET @saved_cs_client     = @@character_set_client;
SET character_set_client = utf8;
/*!50001 CREATE TABLE `escuela_bc` (
  `cct` tinyint NOT NULL,
  `nombre` tinyint NOT NULL
) ENGINE=MyISAM */;
SET character_set_client = @saved_cs_client;

--
-- Temporary table structure for view `escuela_cobach_son`
--

DROP TABLE IF EXISTS `escuela_cobach_son`;
/*!50001 DROP VIEW IF EXISTS `escuela_cobach_son`*/;
SET @saved_cs_client     = @@character_set_client;
SET character_set_client = utf8;
/*!50001 CREATE TABLE `escuela_cobach_son` (
  `cct` tinyint NOT NULL,
  `nombre` tinyint NOT NULL
) ENGINE=MyISAM */;
SET character_set_client = @saved_cs_client;

--
-- Temporary table structure for view `escuela_son`
--

DROP TABLE IF EXISTS `escuela_son`;
/*!50001 DROP VIEW IF EXISTS `escuela_son`*/;
SET @saved_cs_client     = @@character_set_client;
SET character_set_client = utf8;
/*!50001 CREATE TABLE `escuela_son` (
  `cct` tinyint NOT NULL,
  `nombre` tinyint NOT NULL
) ENGINE=MyISAM */;
SET character_set_client = @saved_cs_client;

--
-- Table structure for table `examen`
--

DROP TABLE IF EXISTS `examen`;
/*!40101 SET @saved_cs_client     = @@character_set_client */;
/*!40101 SET character_set_client = utf8 */;
CREATE TABLE `examen` (
  `examen_id` int(10) unsigned NOT NULL AUTO_INCREMENT,
  `examen_titulo` varchar(255) COLLATE utf8mb4_unicode_ci NOT NULL,
  `examen_edicion` year(4) DEFAULT NULL,
  `examen_apertura` timestamp NOT NULL DEFAULT current_timestamp() ON UPDATE current_timestamp(),
  `examen_cierre` timestamp NOT NULL DEFAULT '0000-00-00 00:00:00',
  `examen_archivo` varchar(255) COLLATE utf8mb4_unicode_ci NOT NULL,
  `examen_n_reactivos` int(10) unsigned NOT NULL DEFAULT 1,
  `examen_n_puntos` int(10) unsigned NOT NULL DEFAULT 100,
  PRIMARY KEY (`examen_id`)
) ENGINE=InnoDB AUTO_INCREMENT=67 DEFAULT CHARSET=utf8mb4 COLLATE=utf8mb4_unicode_ci;
/*!40101 SET character_set_client = @saved_cs_client */;

--
-- Dumping data for table `examen`
--

LOCK TABLES `examen` WRITE;
/*!40000 ALTER TABLE `examen` DISABLE KEYS */;
INSERT INTO `examen` VALUES (5,'Lista de problemas 1',2022,'2022-11-07 06:59:59','2022-09-23 06:59:59','lista_problemas_1.pdf',10,40),(6,'Lista de problemas 2',2022,'2022-11-07 06:59:59','2022-10-20 06:59:59','lista_problemas_2.pdf',10,40),(7,'Lista de problemas 3',2022,'2023-07-24 23:03:02','2022-11-08 06:59:59','lista_problemas_3.pdf',10,40),(8,'Lista de ejemplo',1975,'2023-07-07 07:00:00','2023-07-08 07:00:00','lista_problemas_ejemplo2023.pdf',10,40),(9,'Lista de problemas 1',2023,'2023-08-30 07:00:00','2023-09-20 06:59:59','lista2023_problemas1.pdf',10,40),(10,'Lista de problemas 2',2023,'2023-09-20 07:00:00','2023-10-11 06:59:59','lista2023_problemas2.pdf',10,40),(11,'Lista de Problemas 3',2023,'2023-10-11 07:00:00','2023-11-01 06:59:59','lista2023_problemas3.pdf',10,40),(60,'Examen 1',2024,'2024-04-12 07:00:00','2024-04-15 07:00:00','lista2023_problemas1.pdf',5,100),(61,'Problemario 1',2025,'2024-04-21 07:00:00','2024-04-22 07:00:00','lista2023_problemas1.pdf',5,100),(62,'Examenzote',2030,'2030-02-14 07:00:00','2030-03-14 07:00:00','ConvocatoriaLIIICRFyM2024.pdf',5,100),(63,'Prueba',2024,'2024-05-14 07:00:00','2024-05-19 07:00:00','lista2023_problemas1.pdf',5,100),(64,'Prueba 2',2024,'2024-05-07 07:00:00','2024-05-15 07:00:00','lista2023_problemas1.pdf',5,100),(65,'Prueba 3',2025,'2025-02-15 07:00:00','2025-02-28 07:00:00','lista2023_problemas1.pdf',4,100),(66,'Examen 2',2024,'2024-05-15 07:00:00','2024-05-31 07:00:00','EJERCICIOS BD RELACIONALES.pdf',7,100);
/*!40000 ALTER TABLE `examen` ENABLE KEYS */;
UNLOCK TABLES;

--
-- Table structure for table `reactivo_exam`
--

DROP TABLE IF EXISTS `reactivo_exam`;
/*!40101 SET @saved_cs_client     = @@character_set_client */;
/*!40101 SET character_set_client = utf8 */;
CREATE TABLE `reactivo_exam` (
  `reactivo_id` int(10) unsigned NOT NULL AUTO_INCREMENT,
  `examen_id` int(10) unsigned NOT NULL,
  `reactivo_n` int(10) unsigned NOT NULL,
  `puntos_posibles` int(10) unsigned NOT NULL,
  PRIMARY KEY (`reactivo_id`),
  KEY `examen_id` (`examen_id`),
  CONSTRAINT `reactivo_exam_ibfk_1` FOREIGN KEY (`examen_id`) REFERENCES `examen` (`examen_id`)
) ENGINE=InnoDB AUTO_INCREMENT=165 DEFAULT CHARSET=utf8mb4 COLLATE=utf8mb4_unicode_ci;
/*!40101 SET character_set_client = @saved_cs_client */;

--
-- Dumping data for table `reactivo_exam`
--

LOCK TABLES `reactivo_exam` WRITE;
/*!40000 ALTER TABLE `reactivo_exam` DISABLE KEYS */;
INSERT INTO `reactivo_exam` VALUES (0,5,1,4),(1,5,2,4),(2,5,3,3),(3,5,4,4),(4,5,5,4),(5,5,6,4),(6,5,7,5),(7,5,8,3),(8,5,9,5),(9,5,10,4),(10,6,1,4),(11,6,2,4),(12,6,3,4),(13,6,4,3),(14,6,5,5),(15,6,6,4),(16,6,7,4),(17,6,8,4),(18,6,9,5),(19,6,10,3),(20,7,1,3),(21,7,2,3),(22,7,3,4),(23,7,4,4),(24,7,5,4),(25,7,6,4),(26,7,7,4),(27,7,8,4),(28,7,9,5),(29,7,10,5),(30,8,1,3),(31,8,2,3),(32,8,3,3),(33,8,4,4),(34,8,5,4),(35,8,6,4),(36,8,7,4),(37,8,8,5),(38,8,9,5),(39,8,10,5),(40,9,1,3),(41,9,2,3),(42,9,3,4),(43,9,4,5),(44,9,5,4),(45,9,6,4),(46,9,7,5),(47,9,8,4),(48,9,9,3),(49,9,10,5),(50,10,1,3),(51,10,2,4),(52,10,3,5),(53,10,4,4),(54,10,5,5),(55,10,6,5),(56,10,7,3),(57,10,8,3),(58,10,9,4),(59,10,10,4),(60,11,1,3),(61,11,2,3),(62,11,3,3),(63,11,4,4),(64,11,5,5),(65,11,6,4),(66,11,7,5),(67,11,8,4),(68,11,9,5),(69,11,10,4),(129,60,1,10),(130,60,2,0),(131,60,3,0),(132,60,4,0),(133,60,5,0),(134,61,1,0),(135,61,2,50),(136,61,3,0),(137,61,4,0),(138,61,5,0),(139,62,1,60),(140,62,2,10),(141,62,3,70),(142,62,4,0),(143,62,5,0),(144,63,1,0),(145,63,2,0),(146,63,3,0),(147,63,4,0),(148,63,5,0),(149,64,1,0),(150,64,2,0),(151,64,3,0),(152,64,4,0),(153,64,5,0),(154,65,1,0),(155,65,2,0),(156,65,3,0),(157,65,4,0),(158,66,1,0),(159,66,2,0),(160,66,3,0),(161,66,4,0),(162,66,5,0),(163,66,6,0),(164,66,7,0);
/*!40000 ALTER TABLE `reactivo_exam` ENABLE KEYS */;
UNLOCK TABLES;

--
-- Table structure for table `reactivo_revisor`
--

DROP TABLE IF EXISTS `reactivo_revisor`;
/*!40101 SET @saved_cs_client     = @@character_set_client */;
/*!40101 SET character_set_client = utf8 */;
CREATE TABLE `reactivo_revisor` (
  `revisor_id` int(10) unsigned NOT NULL,
  `reactivo_id` int(10) unsigned NOT NULL,
  PRIMARY KEY (`revisor_id`,`reactivo_id`),
  KEY `reactivo_id` (`reactivo_id`),
  CONSTRAINT `reactivo_revisor_ibfk_1` FOREIGN KEY (`revisor_id`) REFERENCES `usuario` (`usuario_id`),
  CONSTRAINT `reactivo_revisor_ibfk_2` FOREIGN KEY (`reactivo_id`) REFERENCES `reactivo_exam` (`reactivo_id`)
) ENGINE=InnoDB DEFAULT CHARSET=utf8mb4 COLLATE=utf8mb4_unicode_ci;
/*!40101 SET character_set_client = @saved_cs_client */;

--
-- Dumping data for table `reactivo_revisor`
--

LOCK TABLES `reactivo_revisor` WRITE;
/*!40000 ALTER TABLE `reactivo_revisor` DISABLE KEYS */;
INSERT INTO `reactivo_revisor` VALUES (263,43),(266,41),(472,69),(473,39),(483,66),(484,67),(485,60),(486,62),(487,68),(488,63),(489,64),(490,61),(491,65),(524,131),(524,133),(526,129),(526,130),(526,131),(526,132),(526,133),(526,134),(526,138),(526,156),(530,129),(530,134),(530,135),(530,136),(530,138),(531,40),(535,130);
/*!40000 ALTER TABLE `reactivo_revisor` ENABLE KEYS */;
UNLOCK TABLES;

--
-- Table structure for table `respuesta_reactivo`
--

DROP TABLE IF EXISTS `respuesta_reactivo`;
/*!40101 SET @saved_cs_client     = @@character_set_client */;
/*!40101 SET character_set_client = utf8 */;
CREATE TABLE `respuesta_reactivo` (
  `puntos_conseguidos` int(10) unsigned DEFAULT NULL,
  `reactivo_id` int(10) unsigned NOT NULL,
  `equipo_id` int(10) unsigned NOT NULL,
  PRIMARY KEY (`reactivo_id`,`equipo_id`),
  KEY `equipo_id` (`equipo_id`),
  CONSTRAINT `respuesta_reactivo_ibfk_1` FOREIGN KEY (`reactivo_id`) REFERENCES `reactivo_exam` (`reactivo_id`),
  CONSTRAINT `respuesta_reactivo_ibfk_2` FOREIGN KEY (`equipo_id`) REFERENCES `equipo` (`equipo_id`)
) ENGINE=InnoDB DEFAULT CHARSET=utf8mb4 COLLATE=utf8mb4_unicode_ci;
/*!40101 SET character_set_client = @saved_cs_client */;

--
-- Dumping data for table `respuesta_reactivo`
--

LOCK TABLES `respuesta_reactivo` WRITE;
/*!40000 ALTER TABLE `respuesta_reactivo` DISABLE KEYS */;
INSERT INTO `respuesta_reactivo` VALUES (1,40,261),(3,40,263),(1,40,268),(3,40,269),(1,40,270),(1,40,272),(0,40,273),(2,40,275),(3,40,276),(0,40,277),(3,40,278),(0,40,290),(1,40,294),(1,40,296),(1,40,301),(3,40,303),(0,40,305),(3,40,307),(0,40,308),(3,40,309),(3,40,311),(0,40,314),(3,40,315),(2,40,319),(3,40,320),(0,40,322),(3,40,323),(1,40,324),(3,40,325),(1,40,327),(2,40,328),(1,40,330),(2,40,333),(3,40,335),(0,40,336),(3,40,340),(1,40,341),(3,40,342),(3,40,347),(2,40,349),(3,40,351),(0,40,353),(2,40,354),(3,40,357),(3,40,358),(2,40,363),(3,40,364),(0,40,366),(0,40,367),(3,40,371),(3,40,374),(1,40,378),(3,40,380),(3,40,382),(1,40,383),(1,40,385),(1,40,387),(2,40,388),(1,40,389),(1,40,394),(1,40,401),(1,40,402),(3,40,405),(3,40,407),(3,40,410),(3,40,411),(2,40,415),(1,40,417),(2,40,418),(2,40,423),(0,40,432),(3,40,435),(3,40,436),(3,40,437),(3,40,438),(2,40,439),(3,40,440),(3,40,441),(0,40,443),(2,40,446),(1,40,447),(3,40,448),(0,40,449),(3,40,451),(3,40,453),(3,40,455),(0,41,261),(0,41,263),(0,41,268),(3,41,269),(3,41,270),(3,41,272),(0,41,273),(0,41,275),(3,41,277),(3,41,278),(3,41,290),(3,41,294),(3,41,296),(3,41,303),(3,41,305),(3,41,309),(3,41,311),(0,41,314),(3,41,315),(3,41,319),(3,41,320),(0,41,322),(3,41,323),(3,41,324),(3,41,325),(0,41,327),(0,41,328),(3,41,330),(3,41,333),(3,41,335),(0,41,336),(3,41,340),(3,41,341),(2,41,342),(2,41,347),(0,41,349),(3,41,351),(0,41,353),(0,41,363),(3,41,364),(0,41,366),(0,41,367),(3,41,371),(0,41,374),(0,41,378),(2,41,380),(3,41,382),(3,41,385),(3,41,389),(3,41,394),(0,41,401),(3,41,402),(3,41,405),(3,41,410),(3,41,411),(2,41,415),(3,41,423),(0,41,432),(3,41,435),(0,41,436),(0,41,438),(3,41,440),(3,41,441),(0,41,443),(3,41,446),(3,41,448),(3,41,449),(3,41,451),(3,41,455),(0,42,261),(3,42,263),(0,42,268),(4,42,269),(0,42,270),(0,42,272),(0,42,273),(0,42,275),(3,42,277),(4,42,278),(4,42,290),(4,42,294),(4,42,296),(2,42,303),(4,42,305),(0,42,309),(1,42,314),(4,42,315),(1,42,319),(4,42,320),(2,42,322),(4,42,323),(1,42,324),(3,42,325),(0,42,328),(0,42,329),(1,42,330),(3,42,333),(3,42,335),(0,42,336),(4,42,340),(0,42,341),(0,42,349),(4,42,351),(0,42,358),(0,42,363),(0,42,364),(0,42,366),(0,42,367),(0,42,374),(3,42,378),(0,42,382),(0,42,385),(0,42,394),(2,42,401),(4,42,402),(0,42,405),(0,42,407),(4,42,410),(3,42,411),(2,42,415),(0,42,432),(2,42,435),(0,42,436),(4,42,438),(0,42,440),(0,42,443),(4,42,448),(0,42,449),(2,42,451),(0,42,455),(1,43,261),(3,43,263),(2,43,268),(5,43,269),(0,43,270),(5,43,272),(3,43,273),(4,43,275),(1,43,277),(5,43,278),(4,43,290),(4,43,294),(4,43,296),(4,43,300),(4,43,301),(4,43,303),(5,43,305),(5,43,307),(4,43,309),(5,43,311),(3,43,314),(4,43,315),(4,43,319),(4,43,320),(3,43,322),(5,43,323),(5,43,324),(5,43,325),(4,43,327),(5,43,328),(2,43,330),(4,43,333),(5,43,335),(4,43,336),(5,43,340),(4,43,341),(4,43,342),(4,43,347),(2,43,349),(4,43,351),(3,43,353),(4,43,357),(0,43,358),(4,43,363),(1,43,364),(1,43,366),(1,43,367),(4,43,371),(1,43,374),(4,43,378),(3,43,380),(4,43,382),(4,43,383),(5,43,385),(4,43,389),(5,43,394),(3,43,401),(5,43,402),(5,43,405),(4,43,407),(4,43,410),(3,43,411),(1,43,415),(4,43,423),(2,43,432),(4,43,435),(4,43,436),(5,43,438),(4,43,440),(3,43,441),(4,43,443),(4,43,446),(5,43,448),(1,43,449),(5,43,451),(4,43,455),(1,44,261),(1,44,263),(1,44,268),(4,44,269),(0,44,270),(0,44,272),(0,44,273),(3,44,275),(4,44,278),(2,44,290),(1,44,294),(4,44,296),(1,44,300),(4,44,303),(4,44,305),(1,44,307),(4,44,309),(2,44,311),(0,44,314),(4,44,315),(3,44,319),(3,44,320),(2,44,322),(4,44,323),(4,44,324),(4,44,325),(2,44,327),(2,44,328),(0,44,330),(1,44,333),(4,44,335),(0,44,336),(4,44,340),(0,44,341),(2,44,347),(0,44,349),(3,44,351),(1,44,353),(2,44,357),(0,44,358),(3,44,363),(3,44,364),(2,44,366),(0,44,367),(4,44,371),(3,44,374),(2,44,378),(3,44,380),(2,44,382),(3,44,385),(4,44,389),(3,44,394),(2,44,401),(4,44,402),(4,44,405),(3,44,407),(4,44,410),(4,44,411),(2,44,415),(1,44,423),(3,44,432),(0,44,435),(0,44,436),(4,44,438),(0,44,440),(3,44,441),(4,44,443),(0,44,446),(4,44,448),(3,44,449),(4,44,451),(4,44,455),(4,45,261),(1,45,263),(4,45,268),(3,45,269),(4,45,270),(1,45,272),(4,45,273),(2,45,275),(4,45,277),(3,45,278),(4,45,290),(4,45,294),(2,45,296),(4,45,303),(4,45,305),(4,45,307),(3,45,309),(1,45,314),(4,45,315),(4,45,319),(4,45,320),(0,45,322),(4,45,323),(4,45,324),(4,45,325),(2,45,327),(2,45,328),(0,45,330),(4,45,333),(4,45,335),(4,45,336),(4,45,340),(4,45,341),(4,45,347),(4,45,349),(4,45,351),(4,45,357),(1,45,358),(1,45,363),(4,45,364),(2,45,366),(1,45,367),(4,45,371),(4,45,374),(4,45,378),(4,45,380),(4,45,382),(4,45,385),(4,45,389),(4,45,394),(4,45,401),(2,45,402),(4,45,405),(4,45,407),(4,45,410),(4,45,411),(4,45,415),(4,45,423),(1,45,432),(2,45,435),(4,45,436),(4,45,438),(2,45,440),(3,45,443),(4,45,448),(4,45,449),(4,45,451),(4,45,455),(0,46,263),(4,46,269),(0,46,270),(0,46,272),(0,46,273),(0,46,275),(4,46,290),(4,46,294),(0,46,296),(0,46,303),(3,46,305),(0,46,309),(0,46,314),(5,46,315),(5,46,319),(5,46,320),(5,46,323),(0,46,324),(3,46,325),(0,46,330),(0,46,333),(4,46,335),(0,46,336),(5,46,340),(0,46,341),(5,46,347),(0,46,349),(1,46,351),(0,46,363),(1,46,364),(0,46,366),(0,46,367),(1,46,371),(0,46,374),(0,46,378),(0,46,380),(1,46,382),(1,46,385),(0,46,389),(1,46,394),(0,46,401),(0,46,402),(1,46,405),(0,46,407),(2,46,410),(0,46,411),(1,46,415),(0,46,432),(0,46,436),(5,46,438),(0,46,440),(0,46,441),(0,46,446),(5,46,448),(0,46,449),(0,46,455),(1,47,263),(0,47,268),(4,47,269),(0,47,270),(0,47,275),(4,47,290),(4,47,294),(4,47,296),(4,47,303),(0,47,309),(1,47,314),(4,47,315),(1,47,319),(4,47,320),(4,47,323),(0,47,324),(4,47,325),(0,47,330),(4,47,335),(0,47,336),(4,47,340),(0,47,341),(0,47,349),(4,47,351),(0,47,363),(0,47,364),(0,47,366),(3,47,367),(2,47,374),(0,47,378),(0,47,380),(0,47,382),(0,47,385),(0,47,394),(0,47,401),(4,47,402),(4,47,405),(4,47,410),(3,47,411),(4,47,415),(4,47,423),(4,47,432),(0,47,436),(4,47,438),(0,47,440),(4,47,448),(0,47,449),(1,47,455),(0,48,263),(0,48,269),(0,48,270),(0,48,272),(0,48,273),(0,48,275),(3,48,278),(2,48,290),(3,48,294),(3,48,296),(0,48,301),(1,48,303),(3,48,305),(0,48,309),(3,48,314),(3,48,315),(3,48,319),(3,48,320),(2,48,323),(0,48,324),(3,48,325),(2,48,327),(0,48,328),(3,48,330),(3,48,335),(0,48,336),(3,48,340),(1,48,341),(0,48,349),(0,48,351),(1,48,353),(2,48,358),(1,48,363),(0,48,364),(0,48,366),(0,48,367),(1,48,371),(1,48,374),(2,48,378),(3,48,382),(3,48,385),(1,48,394),(0,48,401),(3,48,402),(2,48,405),(0,48,407),(3,48,410),(2,48,411),(2,48,415),(3,48,423),(1,48,432),(1,48,435),(0,48,436),(3,48,438),(0,48,440),(1,48,443),(2,48,446),(3,48,448),(0,48,449),(1,48,451),(3,48,453),(2,48,455),(4,49,263),(0,49,268),(4,49,269),(0,49,275),(4,49,290),(4,49,294),(0,49,301),(4,49,303),(1,49,314),(4,49,315),(4,49,319),(4,49,320),(4,49,323),(4,49,324),(4,49,325),(0,49,328),(0,49,330),(0,49,335),(0,49,336),(1,49,340),(0,49,341),(3,49,349),(4,49,351),(0,49,363),(1,49,364),(0,49,367),(0,49,374),(1,49,378),(1,49,380),(1,49,382),(1,49,385),(0,49,394),(4,49,401),(4,49,402),(0,49,405),(0,49,407),(4,49,410),(1,49,411),(3,49,415),(4,49,423),(0,49,432),(0,49,435),(0,49,436),(0,49,440),(4,49,448),(0,49,449),(3,50,263),(3,50,269),(2,50,270),(0,50,272),(0,50,273),(3,50,275),(3,50,276),(2,50,290),(2,50,294),(2,50,300),(0,50,301),(3,50,303),(3,50,309),(3,50,311),(3,50,315),(3,50,319),(3,50,320),(3,50,323),(3,50,324),(3,50,325),(0,50,328),(0,50,329),(0,50,330),(0,50,331),(3,50,340),(0,50,351),(0,50,358),(3,50,363),(0,50,364),(0,50,374),(3,50,378),(3,50,380),(3,50,382),(3,50,385),(3,50,387),(3,50,388),(3,50,389),(0,50,401),(3,50,402),(0,50,405),(3,50,410),(3,50,411),(3,50,415),(3,50,417),(3,50,423),(0,50,435),(0,50,436),(3,50,438),(0,50,440),(0,50,441),(0,50,442),(3,50,443),(3,50,446),(0,50,447),(3,50,448),(1,51,263),(4,51,269),(1,51,270),(3,51,272),(3,51,273),(0,51,275),(0,51,290),(0,51,294),(0,51,300),(2,51,301),(2,51,303),(0,51,315),(0,51,319),(0,51,320),(0,51,323),(0,51,324),(4,51,325),(0,51,330),(0,51,331),(4,51,340),(3,51,351),(0,51,358),(1,51,363),(0,51,364),(0,51,378),(0,51,385),(1,51,389),(0,51,401),(0,51,405),(3,51,410),(1,51,411),(0,51,436),(0,51,440),(0,51,441),(2,51,446),(4,51,448),(0,52,263),(5,52,269),(0,52,275),(5,52,290),(0,52,294),(0,52,300),(0,52,301),(2,52,315),(2,52,319),(2,52,320),(0,52,322),(4,52,323),(0,52,324),(5,52,325),(0,52,330),(0,52,331),(5,52,340),(5,52,351),(0,52,358),(0,52,363),(0,52,364),(5,52,382),(5,52,385),(0,52,401),(5,52,402),(0,52,405),(5,52,410),(5,52,411),(5,52,423),(0,52,436),(5,52,438),(0,52,440),(0,52,446),(5,52,448),(1,53,263),(4,53,269),(4,53,270),(1,53,275),(4,53,290),(4,53,294),(4,53,296),(1,53,301),(4,53,303),(0,53,311),(4,53,315),(4,53,319),(4,53,320),(1,53,322),(4,53,323),(1,53,324),(4,53,325),(3,53,328),(1,53,330),(1,53,331),(4,53,340),(4,53,351),(1,53,358),(2,53,363),(1,53,364),(1,53,378),(3,53,382),(4,53,385),(4,53,389),(1,53,401),(4,53,402),(2,53,405),(4,53,410),(4,53,411),(4,53,415),(4,53,423),(1,53,432),(0,53,435),(4,53,436),(4,53,438),(1,53,440),(0,53,441),(1,53,442),(1,53,443),(1,53,446),(0,53,447),(4,53,448),(2,54,263),(4,54,269),(3,54,270),(5,54,275),(3,54,290),(3,54,294),(0,54,300),(2,54,301),(3,54,315),(3,54,319),(3,54,320),(2,54,322),(4,54,323),(5,54,324),(5,54,325),(2,54,328),(0,54,330),(0,54,331),(5,54,340),(4,54,351),(0,54,358),(2,54,363),(0,54,364),(5,54,378),(3,54,382),(5,54,385),(5,54,389),(1,54,401),(5,54,402),(1,54,405),(5,54,410),(3,54,411),(5,54,415),(3,54,423),(2,54,432),(2,54,435),(1,54,436),(1,54,441),(1,54,443),(4,54,446),(1,54,447),(5,54,448),(0,55,263),(0,55,269),(0,55,272),(0,55,275),(0,55,290),(0,55,294),(0,55,300),(0,55,301),(0,55,311),(5,55,315),(5,55,319),(5,55,320),(4,55,323),(0,55,324),(5,55,325),(0,55,330),(0,55,331),(1,55,340),(0,55,351),(0,55,358),(0,55,363),(0,55,364),(0,55,385),(0,55,389),(0,55,401),(0,55,405),(1,55,410),(0,55,411),(0,55,423),(0,55,432),(0,55,436),(0,55,438),(0,55,441),(0,55,443),(0,55,446),(0,55,447),(5,55,448),(1,56,263),(3,56,269),(0,56,270),(1,56,275),(1,56,290),(1,56,294),(3,56,300),(3,56,303),(3,56,315),(3,56,319),(2,56,320),(3,56,323),(1,56,324),(3,56,325),(1,56,328),(0,56,330),(1,56,331),(3,56,340),(2,56,351),(1,56,358),(2,56,363),(0,56,364),(0,56,378),(1,56,380),(0,56,382),(2,56,385),(1,56,389),(0,56,401),(3,56,402),(3,56,405),(1,56,410),(3,56,411),(2,56,415),(1,56,423),(2,56,432),(0,56,435),(0,56,436),(0,56,441),(1,56,443),(3,56,448),(0,57,263),(3,57,269),(3,57,270),(2,57,272),(2,57,273),(3,57,275),(3,57,290),(2,57,294),(3,57,296),(3,57,300),(3,57,301),(3,57,303),(3,57,315),(3,57,319),(3,57,320),(3,57,322),(3,57,323),(3,57,324),(3,57,325),(3,57,328),(3,57,330),(3,57,331),(3,57,340),(3,57,351),(3,57,358),(3,57,363),(3,57,364),(0,57,378),(3,57,380),(3,57,382),(0,57,385),(3,57,389),(1,57,401),(3,57,402),(3,57,405),(3,57,410),(3,57,411),(3,57,415),(3,57,423),(2,57,432),(1,57,435),(3,57,436),(3,57,438),(0,57,441),(0,57,442),(0,57,443),(2,57,446),(0,57,447),(3,57,448),(2,58,263),(4,58,269),(0,58,272),(0,58,273),(2,58,275),(0,58,290),(0,58,294),(2,58,301),(2,58,315),(2,58,319),(2,58,320),(2,58,323),(0,58,324),(4,58,325),(1,58,328),(4,58,330),(4,58,331),(4,58,340),(0,58,351),(4,58,358),(0,58,363),(0,58,364),(0,58,378),(0,58,380),(0,58,382),(0,58,385),(0,58,401),(3,58,402),(0,58,405),(4,58,410),(2,58,411),(1,58,415),(2,58,423),(0,58,432),(1,58,435),(0,58,436),(4,58,438),(0,58,441),(2,58,446),(4,58,448),(2,59,263),(3,59,269),(0,59,272),(0,59,273),(2,59,275),(4,59,290),(4,59,294),(0,59,301),(0,59,303),(1,59,315),(1,59,319),(1,59,320),(2,59,322),(1,59,323),(2,59,324),(3,59,325),(1,59,330),(1,59,331),(4,59,340),(3,59,351),(0,59,364),(0,59,378),(0,59,385),(0,59,401),(0,59,402),(0,59,405),(3,59,410),(1,59,411),(4,59,423),(2,59,432),(0,59,436),(2,59,438),(2,59,446),(0,59,447),(3,59,448),(0,60,263),(3,60,269),(3,60,275),(0,60,290),(0,60,294),(3,60,315),(3,60,320),(3,60,323),(3,60,324),(3,60,325),(0,60,329),(0,60,340),(3,60,351),(0,60,358),(0,60,363),(2,60,364),(0,60,382),(3,60,388),(3,60,402),(3,60,410),(2,60,415),(2,60,436),(3,60,446),(2,60,448),(1,61,263),(0,61,269),(2,61,275),(1,61,290),(1,61,294),(1,61,301),(0,61,315),(0,61,319),(0,61,320),(0,61,323),(2,61,324),(3,61,325),(1,61,329),(3,61,340),(3,61,351),(1,61,358),(0,61,363),(1,61,364),(2,61,382),(3,61,389),(1,61,402),(3,61,410),(0,61,436),(1,61,446),(3,61,448),(1,62,263),(3,62,269),(2,62,275),(2,62,290),(2,62,294),(3,62,315),(3,62,320),(3,62,323),(2,62,324),(3,62,325),(3,62,340),(3,62,351),(1,62,363),(1,62,364),(2,62,389),(2,62,402),(3,62,410),(2,62,436),(0,62,446),(3,62,448),(0,63,263),(4,63,269),(0,63,275),(0,63,290),(0,63,294),(3,63,315),(3,63,320),(3,63,323),(4,63,325),(0,63,329),(4,63,340),(0,63,351),(0,63,358),(0,63,363),(0,63,364),(4,63,410),(0,63,440),(4,63,446),(3,63,448),(5,64,269),(0,64,275),(0,64,290),(0,64,294),(4,64,315),(0,64,320),(5,64,323),(0,64,324),(4,64,325),(5,64,340),(1,64,351),(3,64,364),(1,64,382),(2,64,402),(1,64,410),(0,64,436),(4,64,448),(4,65,269),(3,65,275),(3,65,290),(3,65,294),(3,65,315),(3,65,320),(4,65,323),(2,65,324),(4,65,325),(2,65,329),(4,65,340),(3,65,351),(0,65,363),(3,65,364),(3,65,382),(4,65,402),(4,65,410),(2,65,436),(3,65,440),(1,65,446),(4,65,448),(5,66,269),(1,66,275),(0,66,290),(0,66,294),(3,66,315),(5,66,320),(5,66,323),(2,66,324),(3,66,325),(0,66,329),(3,66,340),(0,66,351),(0,66,363),(0,66,364),(2,66,410),(1,66,446),(5,66,448),(4,67,269),(1,67,275),(1,67,290),(1,67,294),(3,67,320),(3,67,323),(1,67,324),(2,67,325),(4,67,340),(0,67,351),(1,67,363),(0,67,364),(2,67,410),(1,67,415),(2,67,446),(4,67,448),(0,68,263),(3,68,269),(0,68,275),(0,68,290),(0,68,294),(0,68,315),(2,68,320),(2,68,323),(0,68,324),(4,68,325),(0,68,329),(5,68,340),(0,68,351),(0,68,358),(0,68,363),(0,68,364),(0,68,382),(0,68,402),(0,68,410),(0,68,436),(0,68,440),(0,68,446),(5,68,448),(4,69,269),(0,69,275),(1,69,290),(1,69,294),(4,69,320),(4,69,323),(4,69,325),(4,69,340),(1,69,351),(0,69,363),(1,69,364),(3,69,402),(1,69,410),(1,69,436),(4,69,448);
/*!40000 ALTER TABLE `respuesta_reactivo` ENABLE KEYS */;
UNLOCK TABLES;

--
-- Temporary table structure for view `revision_pendiente`
--

DROP TABLE IF EXISTS `revision_pendiente`;
/*!50001 DROP VIEW IF EXISTS `revision_pendiente`*/;
SET @saved_cs_client     = @@character_set_client;
SET character_set_client = utf8;
/*!50001 CREATE TABLE `revision_pendiente` (
  `equipo_nombre` tinyint NOT NULL,
  `examen_titulo` tinyint NOT NULL,
  `reactivo_n` tinyint NOT NULL,
  `reactivo_id` tinyint NOT NULL
) ENGINE=MyISAM */;
SET character_set_client = @saved_cs_client;

--
-- Table structure for table `rol_usuario`
--

DROP TABLE IF EXISTS `rol_usuario`;
/*!40101 SET @saved_cs_client     = @@character_set_client */;
/*!40101 SET character_set_client = utf8 */;
CREATE TABLE `rol_usuario` (
  `rol_id` tinyint(2) unsigned NOT NULL,
  `rol_nombre` varchar(255) COLLATE utf8mb4_unicode_ci NOT NULL,
  PRIMARY KEY (`rol_id`),
  UNIQUE KEY `rol_nombre` (`rol_nombre`)
) ENGINE=InnoDB DEFAULT CHARSET=utf8mb4 COLLATE=utf8mb4_unicode_ci;
/*!40101 SET character_set_client = @saved_cs_client */;

--
-- Dumping data for table `rol_usuario`
--

LOCK TABLES `rol_usuario` WRITE;
/*!40000 ALTER TABLE `rol_usuario` DISABLE KEYS */;
INSERT INTO `rol_usuario` VALUES (0,'Administrador'),(1,'Equipo Concursante'),(3,'Revisor'),(2,'Validador');
/*!40000 ALTER TABLE `rol_usuario` ENABLE KEYS */;
UNLOCK TABLES;

--
-- Table structure for table `sesion_usuario`
--

DROP TABLE IF EXISTS `sesion_usuario`;
/*!40101 SET @saved_cs_client     = @@character_set_client */;
/*!40101 SET character_set_client = utf8 */;
CREATE TABLE `sesion_usuario` (
  `sesion_id` varchar(255) COLLATE utf8mb4_unicode_ci NOT NULL,
  `usuario_id` int(10) unsigned NOT NULL,
  `fecha_ingreso` timestamp NOT NULL DEFAULT current_timestamp(),
  PRIMARY KEY (`sesion_id`),
  KEY `usuario_id` (`usuario_id`),
  CONSTRAINT `sesion_usuario_ibfk_1` FOREIGN KEY (`usuario_id`) REFERENCES `usuario` (`usuario_id`)
) ENGINE=InnoDB DEFAULT CHARSET=utf8mb4 COLLATE=utf8mb4_unicode_ci;
/*!40101 SET character_set_client = @saved_cs_client */;

--
-- Dumping data for table `sesion_usuario`
--

LOCK TABLES `sesion_usuario` WRITE;
/*!40000 ALTER TABLE `sesion_usuario` DISABLE KEYS */;
INSERT INTO `sesion_usuario` VALUES ('00e0ss7ubl90gejh41ukuf5ifs',421,'2023-09-13 22:57:32'),('00hl5dm9tmcqkimddn9gko8oul',354,'2023-09-20 05:18:24'),('01v224mmi63b5dretcr3tdfc85',321,'2023-09-18 22:15:45'),('024lprvnov3j6js5q7k4gvlalh',456,'2023-09-15 22:20:49'),('02vmsiq7jbv432rsnabk0omors',386,'2023-09-07 05:40:17'),('04u4u53bsudvkapm1s7jvl6627',334,'2023-09-03 02:31:39'),('05m26h8rmrudeqs9ujtjicck1j',470,'2023-09-19 15:32:17'),('05mmmt64eha3ducqpc2spo2spq',315,'2023-10-31 06:42:37'),('077jcjvcn071o1mmaa3fl31t4i',315,'2023-10-10 07:01:18'),('0785ndc7nh1etljtide1pmmeid',345,'2023-10-30 01:21:46'),('085561n215ee9nnb9lsvdrq4mt',344,'2023-09-20 05:08:31'),('08eo938be05uteqj1foall5bnl',414,'2023-11-01 03:06:20'),('08ntc8c8mile80eog0fam6kih2',374,'2023-09-21 17:34:40'),('0a7b9964tbjopj9cba9imd2pss',334,'2023-09-15 02:28:14'),('0ar0b44p40luu3i2u5hohetpsp',396,'2023-10-06 21:52:53'),('0cikjtc2prmbirndadiu45cvcd',376,'2023-09-19 04:17:39'),('0ctkfn6bt79rsri22bhqugceor',322,'2023-09-11 05:21:09'),('0efnuvaef5tvr7m84nfg979q69',336,'2023-09-19 17:28:57'),('0ehvpilblqf5tcanta5mmuvvh9',265,'2023-11-06 16:22:35'),('0emj9e4ugod74lcp6bnbeqqojl',365,'2023-09-25 17:34:04'),('0f4tqme2lm43rju73mt0vsacfr',389,'2023-09-11 21:23:35'),('0fnj7d8sdebbi5gkcnb5qasiai',264,'2023-09-02 00:56:11'),('0fs1i0gjsl6uvd8bt85s2mp1ao',350,'2023-10-11 04:26:52'),('0km3mu471frnud8jegk3k92osm',264,'2023-09-14 01:27:17'),('0kpu8ve1hh16ko00l4mgq62lj2',350,'2023-11-02 05:35:02'),('0lr2ukg6l39v75i1bknd29rl3h',295,'2023-09-13 22:07:43'),('0m1gfmhg3oo3o5taftm5nn3150',264,'2023-09-16 00:51:07'),('0mpuojc6obt63sqj1re3dieio5',327,'2023-08-30 02:34:46'),('0msjcijgkfftegbnp29q9qhn4j',322,'2023-09-18 04:16:26'),('0noag5bkadotr2spvqs1rgjenf',432,'2023-10-25 23:10:01'),('0nv7ak4quv714e53qnb618ols9',265,'2023-11-02 23:34:12'),('0ooonjq4gs7eh9s9bdbl9f360h',293,'2023-10-04 16:05:45'),('0opste0294fecvp08nia0e81h9',294,'2023-09-19 21:14:39'),('0qhffa82umo722ifh30kmm9ucq',344,'2023-09-20 04:20:26'),('0sg2kc0j4n9pl7sspdm331h7c5',265,'2023-11-01 22:02:10'),('0uc8fh82du60bqd44ne88uku4f',354,'2023-11-10 09:32:29'),('0ud3ru0j1qvf3886vnl2t24l10',322,'2023-10-02 04:41:55'),('0vf5p5tvvoj1q6t7laat4qlo31',389,'2023-10-11 06:06:33'),('10er1v3b1l0ovm4fh5bq6dr7je',264,'2023-09-16 03:38:56'),('10l333at9ef1n0h4vc81gvcs23',435,'2023-09-29 17:48:56'),('11finkj8h3t0tbdgk51fam6lad',293,'2023-08-30 20:08:45'),('12oahl51q5m95lihdkn7g7nh0k',435,'2023-10-31 03:06:36'),('150l84lgt6ugldlnvmrc62nco1',433,'2023-09-20 05:36:22'),('15a49g52lqk2d1tqd5b0e9lcrg',460,'2023-10-12 06:28:23'),('15cbfm9o7s6chch9oho9ofpg48',315,'2023-10-30 06:30:36'),('15eqaspocgai7c9chdekanh0of',293,'2023-09-19 03:37:41'),('165f5451gk6rr4t9dep928203q',408,'2023-09-20 05:29:05'),('165nbpm5sm415imgs9l9is6r9q',475,'2023-10-11 03:22:41'),('169vclipnvloi49gg6eh6b5c3s',479,'2023-09-19 23:28:28'),('16gv6ftl772k3b7c77jabp19tq',403,'2023-09-12 16:23:50'),('18jn77n9ii74btg8im2953t9td',468,'2023-10-11 03:20:00'),('194r9oq3f5bqgmb17d5fb2advg',326,'2023-09-19 16:00:32'),('19sanbrl6r06eek023nm3b0cv8',300,'2023-08-31 23:59:13'),('1boeb71oapcev80fcju7ouihnm',343,'2023-09-19 22:37:53'),('1duvb69qf8vk40bqn1pcpinndr',295,'2023-08-30 15:27:10'),('1e9kpj6lljlnm86i22mv8npudl',462,'2023-09-16 00:41:49'),('1efis6v51nea88bk4m27riq5q9',389,'2023-09-13 03:08:40'),('1eho18ob23cr0pu21mifvek5a9',300,'2023-10-10 05:45:59'),('1fmctk80556t6pctdi4evu014a',294,'2023-08-27 07:12:21'),('1fpsaqjsq4j83fp28mrb96i6ns',443,'2023-09-26 21:10:58'),('1fv04mdloh9bov0282vcjfpivf',435,'2023-10-03 15:23:49'),('1geq847crevu870cd3iet2cumd',321,'2023-09-19 22:21:58'),('1gqtkcercf57tanuv4v65op0fg',425,'2023-09-20 02:05:44'),('1i0f19su2fnkrp1e0opjtqp7r5',322,'2023-09-20 18:20:33'),('1iajvviht16h7b4olqbm340l0j',385,'2023-10-11 04:44:00'),('1jq6rt3i22lsn5r353fnmdah9p',327,'2023-08-30 16:32:33'),('1ldev4afqkl4i9fhicanj32ovr',294,'2023-09-09 05:29:37'),('1nijm0b6l6col75uund8vga5fs',382,'2023-09-06 21:22:00'),('1plfec1a6sqng6l1nlj6j2bsus',265,'2023-10-21 07:41:33'),('1pri2ela289ngbkm99cve27ied',419,'2023-09-19 22:09:15'),('1rejiihlqcn093p6o8t4uruur3',368,'2023-09-12 03:51:19'),('1rralkp19rdaf5ne6vkbel6h8j',266,'2023-08-10 17:56:56'),('1tgjbt1ka4h2ctsci0gba64raf',365,'2023-10-11 16:51:28'),('1toagoqi9bn4a0i98bt8ei4kfd',370,'2023-09-04 23:56:40'),('1ued0vnuf37b162dt5l8kvbbq2',329,'2023-08-30 13:58:20'),('1vi2erabqil1conofrterc8l29',294,'2023-09-01 02:57:48'),('1vsudr5lfss66mnei4dsf4vnq9',347,'2023-10-11 00:39:26'),('2013q83updv0033koneds8ru1q',350,'2023-09-20 23:56:25'),('21hh8fanfa800nkkk81d93blj0',440,'2023-09-19 23:37:31'),('21r1r38u7qoncsf9se4dtbql12',430,'2023-09-18 00:49:19'),('224q12a6o43edfam89esotm9ke',373,'2023-09-08 23:29:20'),('23bnr88hb7mhjmlsav531nkcbd',389,'2023-09-14 13:18:44'),('24o7n8imui0872uv78okk2mq4k',293,'2023-09-21 01:50:00'),('24vkplsop2ek55fh88ud2t8u2v',435,'2023-10-31 04:06:32'),('27jou8fpvobitoq4b3m61c55bm',314,'2023-09-20 04:09:35'),('27uh5e6bph2s41iurq1bm7v4vs',318,'2023-08-30 00:40:23'),('28jt9kamcrf66445krdf7m4399',407,'2023-11-01 06:51:16'),('28nt8s493a759363nts0e1puda',435,'2023-10-11 05:18:45'),('295obd2kospvmts96qplkkmub3',435,'2023-11-01 06:56:29'),('29h79iga9o8smvnq5f1mvvkhsa',339,'2023-08-30 23:24:51'),('29opl1ufiiqcingfgmlr6jiq2v',343,'2023-09-20 02:40:26'),('2ahp87hk4ujbq7i4aalu2f2c99',382,'2023-09-21 02:35:42'),('2b5n0u3cemr8b1p150ok41i33f',300,'2023-08-25 22:01:25'),('2c9gvi6oioc81sp2lqp5m2dkm1',325,'2023-08-30 17:39:03'),('2cc9pbir3j1vgmj60u7j67uoi4',350,'2023-11-08 03:04:55'),('2clr7b48uk998akqem6tk30ele',365,'2023-10-11 16:46:47'),('2e3t87q6oguifdei2v4fm2vd8e',337,'2023-08-30 20:31:48'),('2efsdkkhenhius7k9ol1t4r4q6',264,'2023-09-16 05:08:09'),('2fimf269v3i7g8ijmfrcu28lmc',294,'2023-09-11 23:33:35'),('2fk78bgnveokrvmd34p6oj33vh',266,'2023-10-08 17:36:03'),('2fur9b2eq4n2lqctbhbtq1dvua',326,'2023-08-30 18:03:13'),('2gdj6jobmh7nbns48a5fj2e8ki',365,'2023-10-02 17:27:39'),('2gqinlci9v8p4j7njktoc1s080',285,'2023-10-12 22:50:34'),('2h7jvbccve29jf3b1smngckj96',266,'2023-10-06 03:23:57'),('2h8v8beab1c4a6mbf73jbc7r8r',302,'2023-08-30 14:29:54'),('2i5oduqhh55v0n4b5o3oia7nor',420,'2023-09-25 23:11:30'),('2iqhfg9rl7cdq0jr0hs60dsnoh',264,'2023-09-03 16:13:25'),('2jukm5nviqnnh8qosi5ko2pdkb',392,'2023-10-10 17:26:45'),('2khd93o8tmq86p2u8u6r15pcrd',326,'2023-10-11 06:49:15'),('2knbob87j2ct55lmqps4rmbmqr',365,'2023-10-25 05:28:03'),('2lqi68i3mfil0m5cnosgvnp4tq',294,'2023-09-08 15:59:02'),('2nlilsj8ck1duoltv6r49ohlse',292,'2023-08-22 20:19:09'),('2o6ko5aanll2mmjpqmuh3cav0e',484,'2023-11-07 01:45:14'),('2otmbueg76j04q7ft0569rl3r3',433,'2023-09-15 16:38:30'),('2qh408ajdasr6p7nrq327bion8',294,'2023-08-25 17:33:43'),('2qir6hd9tnl0bsr1skr0e0v2sn',334,'2023-10-09 02:40:49'),('2re4lg59aobm1jl3ut1uj0v0im',472,'2023-10-18 00:34:21'),('2rlt9hqonire03s5s62dagtctg',490,'2023-11-02 23:27:00'),('2rrck35hj5d4mbrb3mra9u0unc',368,'2023-09-04 18:52:48'),('2tkmvvbi8sbr39cer0fc78lg76',325,'2023-08-31 02:53:57'),('2u05tern5emtdbkl9unjnodu54',301,'2023-10-11 05:07:21'),('2ucdhmdpi3973v2dc2516ralt4',319,'2023-10-11 06:06:42'),('2v3u9avclgs89bapd1m4luogio',365,'2023-10-03 05:48:07'),('2vd73dai9094ip5pkob8qmc3tn',315,'2023-08-30 02:31:00'),('31hd0defpqha289na6v88cd0af',298,'2023-09-19 00:29:31'),('31sriqr34v6iq1obkf16nf3ukd',353,'2023-09-20 04:52:33'),('31uusbp5j4aq398lh8fc7n1s92',340,'2023-08-31 23:36:23'),('32c08ae3fopsvtmjd80696t6e6',460,'2023-09-20 04:01:19'),('33ltrihrjkk9nk3t6mis4p3hrd',345,'2023-09-26 17:18:27'),('348b42i3ofqfsbm25bsh5nbl39',448,'2023-09-19 19:15:59'),('34riqqldc0iuja9bfelfd49o8u',374,'2023-09-20 04:55:10'),('36d1k3012pge8lha466qio7jo5',407,'2023-09-20 07:02:16'),('36lrmb85qfnj42quc8uvsrl4so',322,'2023-10-01 20:57:14'),('37cemrqidqm8pn3fmcf6jrngpu',282,'2023-08-25 12:41:23'),('38d6bigjqe568f3tiejop8rujr',345,'2023-09-19 02:50:53'),('3936pm1gmjis76aa496uue6ok8',365,'2023-11-01 07:46:37'),('3amauco5acnm19urnl7o0prpub',471,'2023-10-11 04:56:43'),('3aosg3bgg0m5d7ql8gtldicrnr',318,'2023-09-15 00:48:27'),('3aslh49ho701i28adqcvatb0sg',489,'2023-11-06 20:29:37'),('3b9qeo0tft016mq8snmgvipgqa',490,'2023-11-01 23:30:05'),('3bknrogbq3h3f7lejsqvn812sd',483,'2023-10-28 23:46:15'),('3bufv5e9bu391aaogiofgqseg4',479,'2023-09-18 22:53:14'),('3c5hac9ur5idvhre82geqslnm3',322,'2023-09-01 19:19:02'),('3cjjq8tglaeaq3g9e867c1na1i',327,'2023-08-30 16:19:50'),('3cv5tt8i27ab3qdsgl5vafjc16',448,'2023-10-30 15:39:10'),('3dt56ch4qo7lqnv1pkl97sd1e8',372,'2023-09-20 02:30:53'),('3eatom5tovlnqodc6le040e9l5',435,'2023-10-11 05:31:02'),('3fpeeulo6kelv55t9ak9eq833v',330,'2023-08-30 04:18:55'),('3hvjh7rjn41ia9sr2m2n8rainr',297,'2023-09-04 01:00:04'),('3i1bq5vv6j4dq4lnrftcungkfb',410,'2023-10-11 05:48:35'),('3i7cqeuudd21h363pfqoujlrr8',264,'2023-09-15 07:43:41'),('3ia1cl4blosvmnm0dfv3fr3mlv',347,'2023-09-19 17:38:43'),('3ib6vspb8hvp90gso6jb19ni9p',353,'2023-09-01 22:16:49'),('3kmts8jhe79ptstrcg2el9u490',365,'2023-10-31 04:31:35'),('3n5chsh8624nlh3doe1iudd9um',392,'2023-09-19 21:16:02'),('3nqmpcru1djkba47uenev97dja',466,'2023-09-20 03:04:42'),('3obaqql28j28edftscfr4n0bss',291,'2023-09-19 22:32:49'),('3orjug8odkj4ah1chkc9599e0n',294,'2023-09-11 05:27:13'),('3p4kgtv8hibbntog3mhkgv4je8',395,'2023-09-20 04:34:49'),('3pt2aioel61cvvp3egtudd5im1',353,'2023-10-11 06:07:41'),('3qg87pgjkn1dmkfhg9rpkabcf2',472,'2023-09-19 22:50:12'),('3qtflsjvqirns3n72idfd8se74',314,'2023-09-20 19:58:54'),('3r2ob1f5gh6uliv9e8ag1r7jco',375,'2023-09-05 04:58:54'),('3s62c8bht47u5j1dm449g29q24',330,'2023-09-21 12:27:38'),('3sqkr0m8fi2s6kme3tbl9b2dtf',297,'2023-10-22 17:44:04'),('3tg088gpditij6qki5i17uaufc',364,'2023-09-17 04:17:44'),('3upmb6483hs7ooq4snguhg3a7q',294,'2023-09-02 13:43:43'),('4183e1orc5338gkql1lcoif490',264,'2023-09-19 02:00:15'),('41861j36nd9s5cnepbaeusom36',324,'2023-10-16 06:52:19'),('41v025t62bb1i3g8l361ud3ui3',377,'2023-09-13 23:03:08'),('429o7ki9trrfs98s0bd1aljii2',315,'2023-11-01 06:24:18'),('42o5h8crqv9eap12d8n8oht603',265,'2023-10-26 16:14:13'),('42qs4392tr3url2critbsakr2f',388,'2023-09-18 23:46:22'),('43t5ffe0vn2jsph7dvc7htetv9',293,'2023-10-11 02:49:38'),('457odsm606dtr6j62rf3d3cagd',294,'2023-09-06 17:12:22'),('45t9vktrenc67lfg4esvq5lmlt',366,'2023-09-17 17:38:50'),('46h8qkrjsahtm7340u0nqvnrgh',378,'2023-09-20 05:51:35'),('47hj1vs4vultltqcv3k30oki9d',471,'2023-11-01 06:29:23'),('47mujec0t9824r92l83jq4j7pt',300,'2023-09-03 17:12:10'),('488oe34edpnubjjalsr39a911n',265,'2023-10-29 08:32:09'),('490l9qnf6saenml7cv9f8eis4g',365,'2023-09-20 04:58:10'),('4bf23jqra01tiibssq9e2m08uo',434,'2023-09-15 21:23:21'),('4crgl60q01io9m21c8dso0tq6p',293,'2023-09-05 00:40:21'),('4ddfep3mkjdf0q20unrla6llto',294,'2023-09-02 04:44:52'),('4dh40fsh75p4o0nhc8gog6o9ps',300,'2023-09-19 03:31:43'),('4doeqtusep2f0uj4rqjh18cssp',420,'2023-10-10 06:29:43'),('4dr6i17ug5vdmmsqf8ksfpv6ts',483,'2023-10-24 14:50:30'),('4fmf7mg8439hiho9n4fun08mfv',340,'2023-11-01 05:51:28'),('4gho15qrt3aoheigphnb2v5ao3',471,'2023-10-11 06:28:04'),('4gtmbe3lhufn1r3s07a14nlakd',489,'2023-09-27 16:22:26'),('4h90qpntec7cvc4uq2ag7d8j89',374,'2023-09-05 19:04:16'),('4ie2ke0eg7ja4njlne66vk7gn3',298,'2023-09-20 03:59:27'),('4iffo6fld7q3vcsnf2catbn016',420,'2023-09-25 23:21:11'),('4ii0kbtimi5lbpo87rlv0pcp7v',395,'2023-09-20 06:18:46'),('4ivn7uvb7en06fp1m37aset3b0',289,'2023-08-20 16:44:18'),('4j0termu28dnum8gvm1btl1qd9',325,'2023-09-21 20:46:53'),('4ktb42ng4uva9d5acrpb0rp8sr',298,'2023-09-21 04:04:12'),('4outbdkujflddv6pqch1v90qk3',350,'2023-09-25 04:31:30'),('4ral9rkpt08e75f2l0rjnaiols',264,'2023-09-27 04:49:18'),('4sdgg9onfsks1isrrr6fakgk82',435,'2023-10-12 19:11:32'),('4skd5it6jfcq7onfpqkiglbq2v',483,'2023-10-18 18:39:09'),('4vei93ph9roah8qo5lkj96bef1',385,'2023-09-20 23:53:42'),('4vvjmgdqg78g4i5li6ioap6am6',396,'2023-09-13 21:57:01'),('50m23jf2t0krflq5793c21jd1i',347,'2023-09-11 22:00:09'),('522uponk5lu7galfk75i9gfiqg',389,'2023-09-20 04:25:03'),('52of2nji1nmtj5jnn1s7bl2lev',430,'2023-10-02 00:36:20'),('53kn1jf068hirqkg6r5rpkbq9e',361,'2023-09-02 17:14:23'),('545r5jh9gjji22o4s57u64orvv',440,'2023-11-01 21:37:31'),('55u08ir87t7droaraq9aiacrvq',347,'2023-09-04 21:47:18'),('5614nrk9s96dbp5dgu8sbc9g51',440,'2023-10-11 23:03:58'),('56fma9ltj6h8gj165lfi1ird10',293,'2023-10-31 06:45:50'),('573dm79m0hbb7shdd6g8iljjqg',426,'2023-09-20 05:45:41'),('5a2tgcm2dlhd1kvjp7m49bqop3',383,'2023-09-15 02:36:05'),('5agal9vbok87p4bvkp7bnv2436',300,'2023-09-05 22:35:24'),('5bqteeriu22po3afd09o8j0oc6',367,'2023-09-20 01:06:31'),('5dg5d9aqu2vjmka3kh6s2ems38',365,'2023-11-07 05:39:50'),('5e6m2b9qi58r3cdss6jngr75pj',330,'2023-08-30 19:34:05'),('5etgdcnoraiu1g7l3958e4npce',325,'2023-10-17 21:57:41'),('5fdgje28cdv9ramp7553ebmb88',468,'2023-09-29 00:23:01'),('5gick1h1ht5qt347utk1fd8tbv',314,'2023-08-30 05:54:48'),('5gmpdf93eqvfjmu5vndala9ore',352,'2023-09-20 04:12:07'),('5gq89u7l2ocf10cg3ucst7cndd',297,'2023-09-24 23:21:47'),('5h794qqf1d7vt984doccab03qf',476,'2023-09-20 05:14:00'),('5i5bico9vsr3k71nandiuqeu7u',472,'2023-10-02 15:58:34'),('5i953g4kf7d6q498gj51kip8q9',300,'2023-10-07 18:46:31'),('5j00l2d3k4a5bpngs7h1voc2qi',376,'2023-09-20 05:56:37'),('5j5o0okbra41hq08vskr019dee',294,'2023-09-05 01:52:32'),('5jfok9ppnn6uneg9eogu8mu9gc',376,'2023-11-01 06:15:50'),('5k7lldh5pi91068d3hq92lvanq',325,'2023-10-17 22:20:20'),('5kregijuj3sl8j9m3lkd9ucup9',294,'2023-09-21 02:56:05'),('5l338tqvo6jummj6it4mt9s886',367,'2023-09-11 14:49:13'),('5mg64q8pefliahpuufbvqp8ope',395,'2023-09-11 20:41:28'),('5mubuifcuotsicq6k36nt0u3ag',413,'2023-09-20 05:13:06'),('5n1k6iaksa7pvmhfrgfet13bg6',477,'2023-09-18 23:22:45'),('5nj6gq5lfstjohqv1hacb29hgi',343,'2023-09-19 20:31:12'),('5ojrsha7jjmeq4n55l3mi2i9om',353,'2023-09-01 23:58:51'),('5ov1bmnh6tv4fpi6of7pqsduc7',472,'2023-10-05 19:40:10'),('5q4lt8pkk57ebp82q1m40h8gi7',352,'2023-09-20 04:16:09'),('5qabja9fshrntjr7oma5o09hrk',298,'2023-09-20 03:35:25'),('5s269kejqmukf4m2r91qhe8k3d',322,'2023-09-06 04:07:58'),('60nuvohd5t4dn4rc120eucklol',282,'2023-09-18 17:11:32'),('61e2gm1udc6cfvejvgoeb5pc0s',444,'2023-09-19 17:35:18'),('63agk2dpd0eiblafmta2amacip',265,'2023-10-17 02:34:59'),('64m52nevt01mu44tek2ur2afnf',344,'2023-10-11 03:32:53'),('65df3ej9m7d2hqa10b4h3fqhfm',293,'2023-10-11 20:18:17'),('65q9desaoj466kmpa8muq3sopg',365,'2023-09-26 13:57:11'),('665jqig5m2d1qesk7f3rs4odf3',345,'2023-09-26 16:40:36'),('66pbd44j4lafp4hfe2cq8d1t37',357,'2023-09-11 15:31:50'),('674f9d1saasog400ojffsvk2s1',334,'2023-08-31 13:49:04'),('69su2ik0k3eqd2oalg8v0as30h',335,'2023-08-31 16:04:48'),('6dp08jmfmcrqr7v6d631amj735',473,'2023-10-03 21:31:02'),('6dq3sgrtrlc90krgn6lfe1ucot',264,'2023-08-30 15:40:16'),('6e5rm7e5o79ls6t3tqnj0olmno',414,'2023-09-20 03:08:30'),('6f1h386tstqn73qqf51hlu685u',309,'2023-08-29 20:35:26'),('6j1379lslba4npjdrn4qstnn5r',473,'2023-10-09 21:13:01'),('6j9mpor3mtjbeij91i38l9i1hg',265,'2023-11-07 20:42:12'),('6jeql6d923d8tvod33mi63rhir',326,'2023-09-05 17:27:25'),('6jj6pcvopp0bt3h9p0iv9sau3c',373,'2023-09-17 02:57:25'),('6l01eigbm5ldmlqq90kvt4tf51',386,'2023-09-07 05:41:12'),('6m90b2h3unb4pvbni135ul9552',474,'2023-09-20 03:38:09'),('6mebj5kvgqp17i5lca8s4ehr2t',360,'2023-09-19 20:36:38'),('6megi8do9v9rmv3am5sa0nm3bj',366,'2023-09-17 00:34:30'),('6pjftai93j6rteeehgh7brmk51',264,'2023-10-14 03:54:02'),('6q0v6d5o0udn4r0ca15l3iqmnj',365,'2023-09-16 23:00:37'),('6qh0ga1lqgb84287284fd71j45',315,'2023-08-30 16:20:51'),('6s1lgqsv9sufs7sth3ukljhmce',298,'2023-09-20 05:48:54'),('6t6ksag2jjb21l69dhtd05fa2d',407,'2023-09-20 06:38:31'),('6t9lrq63s21965hfcdujv399o8',300,'2023-08-30 21:07:44'),('6ue8ihegr9g8dduu8nelgm4cdb',412,'2023-10-11 03:55:56'),('6v8gtu4j8mmucblb7d2a4aiqna',288,'2023-08-19 07:37:26'),('6vh5grcg9p02vqe95c1qe9oqsm',302,'2023-09-25 02:25:50'),('6vmusvs19vcr7643std9qd7gvk',485,'2023-11-02 04:03:33'),('70bn1gkujbs1qktmnk3ktiimig',353,'2023-09-02 02:07:38'),('711okkjhtnf9hgn136j5l7n9e6',412,'2023-09-20 02:37:03'),('71bj25rs044o07p3otc3ea9ap2',491,'2023-09-27 16:30:42'),('71mlq1qjou80pebkheshh1nd70',489,'2023-11-06 18:30:30'),('74gtcv0aghsg0pjrs914mggavp',488,'2023-11-06 20:44:25'),('74veuosom70h8k9u39e9cmn7a3',468,'2023-10-01 01:36:39'),('76abrdju1l60pv5n93v2ron8fl',298,'2023-09-20 00:33:56'),('76fiumk12ke61lfrr2gnno35vs',349,'2023-10-11 05:11:37'),('788f0bcknc2ir2gt7ro7e84dhu',365,'2023-10-02 01:33:43'),('795t1d6h2dbgifkgmsa7vfe143',328,'2023-10-11 06:51:36'),('7bf1t5tn2ruom8270ncf8en0fa',347,'2023-11-02 19:05:37'),('7blejoegvmrrtlgu6afv8c17r4',285,'2023-10-02 02:14:38'),('7c69mngeka0uq20ra9c7l1ut6l',345,'2023-10-26 03:10:44'),('7cqesvrcud69mhk87s5gn111kv',365,'2023-10-31 06:39:11'),('7cv76qv4ipmtts4m79jhj5a1bj',312,'2023-08-30 21:26:40'),('7d8tao5ah32599m51473cj3fnp',325,'2023-08-30 17:06:12'),('7dims029v4fgajo0dtug7fk2m5',334,'2023-09-03 01:33:44'),('7estt9deom40m0o8che14mclnd',264,'2023-09-27 01:49:29'),('7fp3h2sp19hc659cqo9csvqdck',361,'2023-09-06 21:26:57'),('7gh68363tnjoc09qclvi4fr6kp',434,'2023-09-20 03:25:46'),('7gjafgfj904mutvvc97r2m3pv0',430,'2023-09-20 06:34:27'),('7h114vuuibv9c3q9aq44mkf18i',315,'2023-10-11 19:53:16'),('7i39ho0s601gm7rmi2tb0ld8ae',340,'2023-09-20 12:38:12'),('7j5v2p13mk9dih812m1091fo2d',282,'2023-09-12 18:33:53'),('7k925hgu2bb5sniu8q8ug7n1v0',368,'2023-09-12 03:45:54'),('7kpifrnrngvflckhj63mu4tue0',264,'2023-08-31 20:02:04'),('7kue2icdunsgvpj17r5pb4j2lo',347,'2023-10-04 00:22:28'),('7n25ig0do5h06sionhjhtf41ch',334,'2023-10-11 05:00:42'),('7nv8daejdbk3p5gdta3kq4p2ta',300,'2023-09-01 21:39:08'),('7omous2orf66s838rh588s48o9',264,'2023-09-02 18:19:14'),('7oraino45nchpenrn7e7is46nk',490,'2023-11-07 01:25:13'),('7pe6qsjt42qjuikeeoue8pdsqm',491,'2023-10-07 01:03:45'),('7qobjtpjhu2kpoig54tmnu003e',470,'2023-09-16 04:04:37'),('7qrk0elj7e7gioj5vjcmak4gf3',469,'2023-10-05 03:26:01'),('7r3fjt2pujo40cj20crph2slb9',365,'2023-10-29 01:27:36'),('7r3kgmgbgnlmke45mhblonbnkq',426,'2023-10-10 23:32:33'),('7rq9ob9e3gaqurqdu3ubu67kgn',263,'2023-11-04 03:13:06'),('7uerhql707p83nn19jl604jg1d',407,'2023-11-01 06:47:30'),('7v5vn765ede7nvcd4n9bf2v3an',285,'2023-09-01 03:47:38'),('80tr25h8jnvh75l37vtp8qi8tn',413,'2023-09-20 14:05:15'),('80vhau89d9ucrrui6l660vp35i',315,'2023-10-31 05:41:50'),('81k053ugddvg8atk46gi3q4lmt',302,'2023-09-20 02:57:41'),('81rfi3m2imj4ea51i2hbqgaupo',365,'2023-10-25 03:40:19'),('82ftam88k91eg1c7j1sba4maps',326,'2023-10-13 05:40:13'),('84olhosg60tlpkt1hp3buo55uu',265,'2023-10-18 00:20:20'),('85j2e819j6770s6ohm7qhjo0fp',344,'2023-09-20 05:50:22'),('86hgq6fc2adqniu461ir3ad3pd',394,'2023-09-16 04:53:42'),('86ucqou0rmhagdqikktujc2fvl',349,'2023-09-19 00:18:14'),('876337ogk01g0etvfiilpqr6et',264,'2023-09-12 14:34:16'),('88o812ht77vlvn9pjrb2v1f04k',348,'2023-09-15 15:57:11'),('88vbs0gm9igr309oh7lb8sqe1g',485,'2023-10-12 00:26:42'),('893fhdt78488qg2k1l039pl1s3',286,'2023-08-19 01:07:41'),('897n37b4bn2sdjqnunv2kotbi3',339,'2023-10-12 20:27:07'),('89mafkotntgdndl140m5ge4lj2',474,'2023-10-31 12:07:40'),('8a0ncfcvotk4ol1lsaopk346ok',293,'2023-08-23 05:35:25'),('8blaqcsafdtk91cvuar6615kc1',300,'2023-09-04 01:10:24'),('8ch9lg2cuvu2lqluqrv94p4t8h',385,'2023-09-20 23:03:02'),('8cpmji4ehmqe076cunri4h2rg6',365,'2023-09-20 01:27:53'),('8dd8gaiv3s912v1glbnm1jd5tl',389,'2023-11-01 04:31:12'),('8dnk6sbf47rq7v46u02410ombi',314,'2023-08-30 05:54:12'),('8e13gtjpqh58f5g40059i3rtev',313,'2023-09-13 00:18:35'),('8f9a5336rgv9vv6evaat9suvge',298,'2023-09-20 01:27:24'),('8f9l40m77faufi89g1vd9kq9bd',407,'2023-11-01 06:52:54'),('8gueumdqkmf9qsk9tqlumpk9us',366,'2023-09-12 21:16:38'),('8hb1705sogjn6n9lhm5f2gqj8g',473,'2023-10-13 01:08:01'),('8hhqqt0bkkujtcqo46tb69n1u9',407,'2023-09-20 06:46:37'),('8hkvsl4pk8ht7eod0734tu0kjs',382,'2023-09-15 04:40:29'),('8iv8u8j0gmknfgm1sfi92o63em',353,'2023-09-18 23:25:14'),('8j7qna49clfsed0ot3ujknhtk8',324,'2023-10-09 07:39:46'),('8kn5188254200k2sdp2fm1hft2',325,'2023-08-30 19:04:02'),('8l6foq5122h4r29bkrhhg0p44t',264,'2023-09-28 23:49:26'),('8mr8mro59c83angsuqecsa2mb5',485,'2023-10-11 19:23:17'),('8o0dq8e4173u6cmefs1993rf6b',325,'2023-09-07 18:06:23'),('8pukuph616e9he3768k64gacjr',365,'2023-10-14 17:29:25'),('8q70ipt39d2aom79cjcsokoqh9',435,'2023-09-20 19:54:39'),('8qlgtnj5poiv6mtcfq13hf0dg3',264,'2023-08-25 21:56:21'),('8rd9ktbm008jftm91mifkr9ljr',457,'2023-10-31 00:11:34'),('8tg6fmon1nfn78hhue1mu0kfbt',294,'2023-09-15 05:09:50'),('8ub7prsqicp43nsp73vfpchqn4',358,'2023-09-29 20:14:21'),('8v8iqj7fsl116kb87541994oeh',348,'2023-09-01 00:15:58'),('90b65q8agtems1uqkcvhef9a6n',444,'2023-09-20 05:15:18'),('90su507abjpr9cci5hd5lktov3',392,'2023-09-09 21:28:10'),('918ckvcrv53qiam133t1uesg3f',365,'2023-09-03 04:08:27'),('91ql9ce1hh40ria0108doc7dbh',395,'2023-09-11 20:40:17'),('927hrevknii4ut71dg1a7ql446',385,'2023-09-19 19:43:30'),('92be7e60q59qtt9pqfdgmu9r0q',350,'2023-11-02 06:44:59'),('92i7ld69l7i9lcpths57c699md',392,'2023-10-10 12:25:02'),('92me49dpu8naaigcbqou7lk1ri',344,'2023-09-20 02:57:13'),('92q3npa2ifsl8fkk75sfrchqpl',352,'2023-09-20 02:29:48'),('93907n0tbc7j2kcvaldl317poi',325,'2023-09-10 21:23:19'),('94fuau8gj75g89rjret3iokepe',334,'2023-09-03 01:55:40'),('962k917a9d3eild9fk8ttct4gs',285,'2023-11-01 04:47:12'),('97pc7f0s3dto04gm7v6urg3q3d',321,'2023-10-13 05:40:44'),('9a9tqiomgnucr28etn2eastotf',353,'2023-09-20 03:28:05'),('9ae1ia030hc9f48fcoc5e5ou6e',332,'2023-08-30 04:43:30'),('9amldo7013gpbjbl563l7us5h1',435,'2023-11-01 06:59:36'),('9bgcl609jamk8tlddaepi73ktg',264,'2023-09-14 08:27:52'),('9bujd2gmrg8ecdc6pv9lluvllr',403,'2023-10-11 03:32:29'),('9d21etl4hb6uhf0mispr7n2jvu',392,'2023-09-14 18:16:05'),('9emvstngshhe2hv3lnj7h8s1o8',434,'2023-09-20 05:56:05'),('9fcgr8v9m61totukhatj9rcbol',392,'2023-09-23 18:02:34'),('9frjsm8kfeu3ns0st5g249io9a',265,'2023-11-06 20:52:01'),('9gvbjo5evj08qrp6p0o3cfkgvc',463,'2023-10-21 02:04:08'),('9ig3vmkqv4enrv3o32m8qm71hm',392,'2023-09-19 17:58:39'),('9j8afm5gb3qcjdluko6r1a9udi',463,'2023-09-21 05:02:52'),('9li7msc13nhnpos6f9lrfvpqmd',431,'2023-09-19 23:54:07'),('9lqr3bdblohm7hr5gi9abmga6n',334,'2023-09-24 01:53:40'),('9nbfipn2fv78ook1upv75lnk74',457,'2023-10-11 05:30:19'),('9qcqinq80d35eo7vdl6qnrcpg5',287,'2023-08-19 08:34:05'),('9qm1m2ce40qoo5abn9fv03andn',349,'2023-11-01 06:07:57'),('9rgbci5irihnohdao7nrn8nasj',345,'2023-08-31 04:54:18'),('9ri0r6npcg0ju9b4rqnhn4ajfd',365,'2023-09-09 21:43:19'),('9ro8mp67vfpmh00cf1q42736rn',471,'2023-09-19 04:59:18'),('9s060rgshbtm77mk6r94s7gkst',347,'2023-10-17 19:16:01'),('9t6vqvmcj0hkjfq5slbg7sl3mb',430,'2023-09-28 04:15:11'),('9u5dhkhrr9j9einga180gb2qv1',319,'2023-10-31 05:00:09'),('a0g2495muone522q75qivp4lbh',480,'2023-09-20 06:38:58'),('a113a7pgna60us7lq25bhprodq',465,'2023-09-20 00:16:37'),('a2ee04aifkcb22addm0jm648s1',422,'2023-09-13 23:41:14'),('a360pa2arpcb0ggjamkf0vo0st',379,'2023-09-20 06:54:06'),('a386vu5qvs559j33evuu0mg2j7',344,'2023-10-31 17:16:34'),('a3m2k3j49r9v12imsptuqboun2',396,'2023-09-11 21:18:26'),('a49gebndoq8oldd0b8edfnkfkh',321,'2023-10-11 05:31:47'),('a4algiqa668ocbo3j1ifmt1i0v',365,'2023-09-24 01:33:54'),('a56u0q7tohh2u7qs2sudrbtegu',344,'2023-09-20 04:22:51'),('a6ajesl9u21dmbvo51tkat83b4',365,'2023-10-11 10:19:43'),('a6mldchcaq8aijv7tek4d9sauj',315,'2023-09-20 05:32:21'),('a76knu9cvh4q7icca0lngk5a9d',336,'2023-10-11 03:23:43'),('a82auu1ao5604um64qhau9ja9u',322,'2023-09-26 06:24:43'),('a91tnbpp00nmuu3c9238380qsf',463,'2023-09-20 21:33:43'),('aab07j5rp134oh4bee0pb1o7ib',440,'2023-09-20 02:08:56'),('aah59ogde9ilcjdgek4e0dlunm',343,'2023-10-11 05:39:39'),('aaputmtu10vftc43hguehs9n29',361,'2023-09-20 04:10:28'),('ab542aiponlohpf36rehpbkskc',287,'2023-08-21 19:01:04'),('abhskf1lko83cldpo9suqsfasv',435,'2023-10-08 18:04:47'),('adb7d6ko5adg3jsd5iu1meh0mb',415,'2023-09-21 22:13:25'),('adub50uj6kjd9526mscatudqtr',442,'2023-09-20 04:06:27'),('aduscp1j4k1oir7jfgep6oav79',379,'2023-09-20 06:51:37'),('aebvbcdmi3ouodkq247kq6e50v',353,'2023-09-20 03:40:02'),('aeqde65iv6ei4f1s0k6p8r5mk7',366,'2023-09-06 17:35:29'),('affco5mto44usbnko1ta5encjj',489,'2023-10-13 01:29:46'),('agafp7f5klkmefu8d6hvpr0h5d',491,'2023-10-31 18:06:45'),('aggr40lgjvt59hpueu49adi3au',392,'2023-09-20 16:19:36'),('ahdr1tnq3dktducqum00elgres',490,'2023-10-14 17:57:41'),('ahjf4nug12b2l03h2q199jqljg',436,'2023-10-11 05:59:37'),('ai11p3m5rbbv2ufq4nffgdf667',392,'2023-10-09 17:18:23'),('aihfja9sfuq0qtlnfiiiqe5o51',465,'2023-09-19 19:46:27'),('aj0b941vnpsfg8em0qiai9ij0i',265,'2023-10-27 17:34:56'),('aj1eqaudejg9f4peeh4t5lerh7',341,'2023-08-31 21:25:16'),('ak59ngp3bsj3drodq8kcovftev',414,'2023-09-20 13:32:57'),('akeq5i1f3djnlukr29emr9vn7n',465,'2023-10-11 06:51:11'),('al2dfv8g1bhai6n5cd3g1d7909',435,'2023-10-01 18:58:11'),('anbivf49tth520moeh06atvevv',472,'2023-10-13 01:38:02'),('anodvdonberdj27l8df3cf86b5',301,'2023-09-20 06:40:43'),('arbskdsfat8eoius50qit5dd5u',471,'2023-09-27 20:28:59'),('arei3lpr8kesrg41dnjp5bdko9',263,'2023-10-06 02:50:59'),('arfeud5aml6cp0265c7npi1gs2',350,'2023-09-20 02:46:25'),('as3jsrmr56h7aboi03i5q8ah75',294,'2023-09-20 21:31:32'),('atqok993hgphb3vjh9kt30mcr8',266,'2023-10-06 16:30:07'),('atqvtehhj18krkji8g048rgjv9',283,'2023-08-19 18:49:17'),('au93mn7pu2gbu57b3lpf2djbsu',388,'2023-09-20 00:13:10'),('au9faqhac22nffk8aeopjs1io5',300,'2023-10-21 21:41:18'),('aua2p2m4u26e8r6oacbkrdv69v',291,'2023-09-19 22:46:09'),('aubjvcs9ro7tfhdat0i3h56omk',376,'2023-10-13 22:57:02'),('av0p51mc017avbubgb2rj4oglh',330,'2023-09-06 06:42:49'),('b0gp634lmv5rv6kp3sjqei99hd',365,'2023-10-22 02:22:11'),('b1gn85ehskk01l55024jl1g3oj',300,'2023-09-19 01:01:56'),('b1vucdrd00v7fd411q9co2kp80',293,'2023-09-20 03:21:04'),('b20p0os3joir26q0vq6mgsu7ua',334,'2023-08-31 20:27:21'),('b2c8rt6t8bi88p9v6p6cr9sj3j',473,'2023-11-02 23:17:18'),('b2jp7hl910ld5s474nohe4kaj1',344,'2023-10-11 04:11:17'),('b2pqsvbmfp80mmi5063ppvbpc4',384,'2023-09-18 20:06:07'),('b4ps7k761emoab0sudmlm8uanm',298,'2023-10-07 13:50:19'),('b4qglce9oru7d6ad6jt3ucmioj',385,'2023-09-12 18:30:33'),('b5ee98hjn8if4lmeth6rk6hcsj',322,'2023-10-18 23:26:21'),('b5ff5tqp4jh637d8t8h1fgpiq1',391,'2023-09-19 23:46:29'),('b5fvr58qb9uih14cj6heqn5dem',457,'2023-09-20 04:48:38'),('b6d1me200lq52a3u5pl3k24sg0',294,'2023-09-21 06:23:54'),('b6r02kvv8i0f0r5lu9annlt1f8',350,'2023-09-14 09:58:12'),('b74ik6n3mehg5jkvcd244p96un',318,'2023-09-15 04:44:30'),('b7rnbuurt8an3m639i2uct6id9',472,'2023-09-18 18:36:08'),('b8efb2vdp34ko3lrrr2tuuvvio',365,'2023-10-19 15:08:29'),('b8kl2cj54uhvdd4kbeftlpb34o',388,'2023-11-01 05:42:14'),('ba44u5v5dieb91dm9a8uko6egl',321,'2023-10-11 13:28:36'),('bac5pskdm4cc7q7nte22ovt06q',407,'2023-10-11 05:16:31'),('bakkc41o19om3o8ogi11di3utb',264,'2023-08-31 21:49:44'),('bcpdb1kp3c146df7allg0f5hld',347,'2023-09-25 19:12:59'),('bd0p44igghnfl6t3jkrjljj0q1',348,'2023-09-26 16:44:05'),('be1ufmgh4g6gptq25t1u260h61',399,'2023-09-20 04:23:47'),('bet01jb5ptsd6f5o15j6qqin82',372,'2023-09-21 04:06:46'),('betkq9b22uelh9rn4199jkbuc0',440,'2023-11-07 16:55:42'),('bfhfu5puhqnifh43vfn3rp3s1n',312,'2023-08-29 21:31:14'),('bgro4hq0dk67o35afe5eg8b29d',376,'2023-09-13 22:24:51'),('bhpcvfvdpfkaok5ri1ahimh7dt',340,'2023-09-20 01:51:07'),('bj0g57qq6m0sjbaecj9eoagois',435,'2023-10-11 14:55:41'),('bjj04qd5pll8d1c0l4kh0s08ei',365,'2023-09-30 05:59:51'),('bkiqh8th0eq68cs6umn30tr8s1',293,'2023-09-20 03:40:02'),('bkqlf26l2smjm5vive9c9altpq',395,'2023-09-20 06:14:26'),('blh8s0ojt4fuplo36b5recuvtu',344,'2023-10-05 01:25:51'),('bm9fd9pk2g65ovhlpp65a25eds',349,'2023-09-22 13:35:41'),('bmv5fak77cv359dnst8ci8d1gd',350,'2023-11-08 05:26:41'),('bn5m7rmo9tkabs2anh60oipi75',471,'2023-11-08 02:09:29'),('bn6miiqjre6t8ks1qs5e9ujctc',437,'2023-09-20 19:56:23'),('bnt038m4nsf3kjdvgaljegj2lr',365,'2023-09-06 03:24:53'),('boff53ikl0uii7bl0d43jbrn1v',322,'2023-09-20 04:48:29'),('bp9fcn0257f8bb3p6i9g5g8lrv',392,'2023-09-18 20:32:35'),('bpfhsgv77dsvcckl6up38vv9ie',471,'2023-09-20 22:52:34'),('bpss9ls618l39rstcd4vldrisv',488,'2023-11-05 05:37:30'),('bq7eg3nle1f3gmjivsmdgfbk8f',426,'2023-09-21 03:30:28'),('bqb5i5t7ku4ho9mdlhggjdup1f',298,'2023-09-21 01:02:06'),('bqg6i0s67qvoac0p5rdc63fk30',264,'2023-09-02 15:59:59'),('br108s6g93q89fk1p4nukiis23',465,'2023-11-01 05:52:54'),('bs4b8nkf31sq8m6fadfmd1h8a3',473,'2023-10-03 18:52:27'),('bsbcs58t3rk28gpr185mubulb1',321,'2023-09-19 05:05:02'),('bslt9ah6dop08ufjteghmno77i',389,'2023-09-11 17:34:32'),('bsnp9sdcnr3lhckkf5gnsljen1',339,'2023-09-15 02:54:22'),('btp1hlvnjjt4br87it6v23nee3',430,'2023-09-20 13:46:57'),('bv3qkuj7olevs3fvadm5ugnjer',264,'2023-11-09 17:45:55'),('bvd27d1ugo625e3t03bmcvtmh1',372,'2023-09-20 01:25:46'),('c1ckgchgb7n79anbahe37828s1',293,'2023-10-12 23:43:59'),('c2d30hrit77f764856haj69j0e',300,'2023-08-25 22:31:50'),('c2iohui92044cobjg41flffl8j',329,'2023-08-30 15:48:30'),('c2qs3m6fjilhdlvu3ik91b770t',427,'2023-11-01 06:44:32'),('c3agsg14uq2opnjvduamebs5f1',264,'2023-10-18 20:32:43'),('c3i7j0lmqmssdq87503d09u5n3',435,'2023-09-20 13:34:24'),('c3u3elvs0gfqihc1pqnj34l4g1',472,'2023-11-06 20:02:25'),('c5d41gmfvi4bpi7gbij06i71b9',287,'2023-08-20 00:30:56'),('c85ms0d5k9mp6q3kqqj0vvcurq',347,'2023-10-12 18:18:52'),('c8hmuab3rquijrdrvh9vjt86hd',345,'2023-10-11 04:33:58'),('c99qfkqm9vemkcesdm09i8qjtn',296,'2023-10-11 06:25:07'),('cbfdcuj2r0ulpdt3sqrk65egg3',353,'2023-09-19 02:04:57'),('cc8iu5s43i1l7u514d4d6dpo24',386,'2023-09-12 03:59:36'),('ccmhkmufi7q5efs88t8l3677ik',409,'2023-09-12 23:15:37'),('ccon3fll3icla70jekbdc67ul8',475,'2023-11-01 05:00:19'),('cdid1ohpshu4j633eqe19hcug2',353,'2023-09-25 15:44:08'),('ceb8bvhceq8pkkpqq98919jd79',483,'2023-10-17 18:57:25'),('cefgkdq1a6ehm0b8a83sj4c4dj',353,'2023-09-19 00:03:21'),('cfcvmbsl52lk9m9ehmfdpdfo5g',407,'2023-09-20 06:36:31'),('cfruebahsf43d1gpaids5uflbd',294,'2023-09-15 00:05:37'),('cg326tpo63q2ulj55u3mg4stpr',297,'2023-09-20 23:48:00'),('cg6thjb0p1loe5nmjpg3re7riv',365,'2023-09-06 04:26:13'),('cgaml36k632pqo218n1fkg3gto',392,'2023-10-06 20:10:33'),('cgu8rvap5oa9u62u2tk9ts1hf8',369,'2023-09-04 19:25:26'),('cinagneg4jd6h2hg1a5acqo95c',264,'2023-09-11 22:30:04'),('citrmgbtb8st6gfaq1kpgdar9p',320,'2023-09-26 02:11:11'),('cj2ogm2tq1t8rv7t8h9a0f0ugr',337,'2023-08-30 20:46:39'),('ck2he5qtd3d6bca2f90jm86o49',407,'2023-10-11 06:24:58'),('cm821n3chtilsktfl3e4u0r71s',348,'2023-11-08 01:22:13'),('cmgnslpj1takvkph2blu785npn',412,'2023-09-13 17:56:40'),('cmp19pf8f4g46t37n3n3r9upq8',271,'2023-08-03 15:56:32'),('cmrojcnl08sjtm3lbtae6ogf5j',294,'2023-08-24 23:31:21'),('coc3of77rruvj5510jcfs13vt4',374,'2023-09-06 21:33:15'),('corp3pu00hcnouveaqdikbqne8',300,'2023-09-20 13:18:40'),('cqqvt580239aml7ajm45cqnc8f',388,'2023-09-28 22:42:18'),('crc19sr3e5n9m7due2lu0ri0jl',340,'2023-10-10 21:09:05'),('cri9jogbmreeraibs30qprs72r',334,'2023-09-27 00:36:51'),('cse1imr8f21opnlt89veb9a0pp',285,'2023-11-01 04:20:14'),('cshpkj1qvchgujs6qgg066nt1v',485,'2023-10-25 04:17:54'),('ct5vi6pvodclppf1edm1563bfg',414,'2023-09-20 05:06:54'),('cu1b9h9fortj034hiuta9askhi',339,'2023-09-20 00:56:14'),('cu2838mi8v7ns3k8rm91nogsq4',314,'2023-08-29 23:42:41'),('cu4on5bpd6el36m3b0di67nr7d',353,'2023-10-11 07:19:35'),('cud82rec4oa2d2m77q0q1blsl9',295,'2023-09-08 15:13:26'),('cuta667fjjip05i7v7oa8d6b99',367,'2023-09-07 14:17:47'),('cvmr6b8l97o1honlbuq3bedo78',350,'2023-09-16 00:07:43'),('d07d8032tok8etneus1c4svjpn',336,'2023-09-01 00:50:33'),('d0naiuaben8md2hvbkbnhjndih',312,'2023-09-19 21:49:27'),('d28dtkf6fc758b9r4p980rdnta',405,'2023-09-30 22:23:13'),('d2jhl8tsp1kupfe47f3gocks7b',374,'2023-10-02 01:21:38'),('d2lvqoc1hs3nd25m7d1f9s0uri',453,'2023-09-15 20:37:45'),('d367qab1vb3ap3ogsbali9gao0',365,'2023-09-17 06:09:41'),('d38sc650ulnvm0hnk124s4bfk1',265,'2023-11-04 04:51:27'),('d3kn8bbulsfluh6i2qpshuvoft',472,'2023-09-26 15:21:51'),('d4jg7ne7hiinvv4n808gm3cdsn',353,'2023-09-11 22:49:43'),('d4oas55tm8uh8o28q9s1k5h0iq',485,'2023-10-11 16:16:44'),('d52gsepus8t31nh65amjjkr8b4',325,'2023-09-07 06:26:41'),('d61g8ou548i9n944cconj2df4b',350,'2023-11-01 06:54:29'),('d64u5a3eqofp438c5p8mvm7mqb',332,'2023-09-11 20:57:28'),('d6eilearaj5o76ensbrp301fin',266,'2023-10-06 10:57:32'),('d7fkub67lj1f0bbn55v63cki8i',294,'2023-09-12 17:20:44'),('d7n5d91kp23bm6iplatlil6g3o',478,'2023-10-04 17:18:56'),('d9an3l4h3924blso4caqsitln2',315,'2023-10-10 05:59:27'),('da5gec6kko1qckukekbav4gnbp',350,'2023-11-01 08:35:45'),('da5ivppaq3u4fgetdblq03n8av',485,'2023-10-24 04:34:10'),('db5l38hlaemuissp88rcfk0moc',345,'2023-10-14 04:05:59'),('dbifdmi996884datl8qi2iv742',435,'2023-09-19 22:04:00'),('dbo8tbsbau469hh78i5gtmmbo4',353,'2023-10-11 05:54:22'),('dbukog3iqq6949g9e12l1flr3g',463,'2023-09-19 02:12:07'),('dc9i8jqvi5bsahi29smfdnicho',347,'2023-09-06 04:59:17'),('dcktfqes81pfdv28v9gvr3s5jt',350,'2023-10-01 11:10:33'),('dcu6um5qdkrmdv2lfgan0m1ll5',266,'2023-10-17 22:28:56'),('dg2p2htad5ri869tr9cnh0oh13',471,'2023-09-20 03:50:42'),('dg6qvirt2vhpbnt4sd5jv2buen',322,'2023-10-17 22:39:00'),('dgfiso8edk1qggmgc1g1p3gtvs',321,'2023-09-16 03:55:22'),('di89e90n8k4mhb12tvvvp1chaf',344,'2023-10-11 01:10:58'),('diolqgjjc6dgi96o59qd3bokre',365,'2023-10-20 08:09:11'),('dkes7d2trmfacimjr81n4ufsf0',490,'2023-10-16 17:55:34'),('dkktof55g1bv143dgmi8bqjb2c',434,'2023-09-20 04:18:36'),('dkooqhlpksk6dhticc914q9ul8',374,'2023-09-06 00:43:07'),('dlp9skn3v9pvv5hrggikrhjqbj',472,'2023-10-02 20:13:18'),('dlq0d34ek65e6ol2c1tu3lbdkd',463,'2023-10-11 06:45:18'),('dnjpp54k84go4uisdmqn9u5lpu',365,'2023-09-03 21:02:22'),('dnvh8bokj1f7anqq8s38j24jph',473,'2023-11-04 16:45:05'),('do3blbjapo5om3u3ngvmgf52o9',264,'2023-09-05 01:47:43'),('dojmg740r0cm9rlv3r14839v3m',344,'2023-09-20 04:40:53'),('dovqdnevdjkjuu9hjqe00073tv',320,'2023-10-09 12:08:58'),('dpl0tdb03sgfrohn7sfj6fv0n6',385,'2023-10-10 00:43:48'),('dq3dk051matue85bl50lni690k',294,'2023-09-06 23:35:07'),('dqlos39a4pkkops8mj8a0qvs13',294,'2023-09-07 05:04:11'),('dri7t2flc6b2drbj8u7ta4i193',435,'2023-09-15 18:35:24'),('dskktk7lb5mbf2oloabbdohg3h',463,'2023-09-20 06:40:30'),('dsm5lkd3j1fh4vb8e31uta0es2',435,'2023-09-20 05:09:19'),('dtl8fbbigh4pi5j18924g3fetf',365,'2023-11-01 01:48:37'),('dtr676hckphkaf4hpf9mvvd1kt',367,'2023-09-22 00:38:59'),('dugq23gshhclcm809rcjlb610n',350,'2023-10-10 05:37:54'),('dur2982lrl4ahrfnkm4apg430n',392,'2023-09-29 19:59:03'),('duvhkusk2pi5h8e21fonbjpt4v',350,'2023-09-20 09:26:04'),('e0394hti4msi9vfjlmbkogqe4o',392,'2023-11-03 01:03:18'),('e06de18ku94cnqb0lu7lrmlf5g',481,'2023-09-19 02:51:38'),('e08k2ml0c6i74pi0t3l1gmh2pj',294,'2023-09-12 21:02:41'),('e0ic5d4jarl4rdk3rj2aq3dkln',293,'2023-09-20 04:24:42'),('e1ammk5331f7vkkil7f3r2d168',349,'2023-09-30 01:27:06'),('e24vmrphj7dcigt4bo1poi4bll',322,'2023-10-01 23:13:46'),('e30p8a4t58ada5ltrvpsl4g34m',347,'2023-10-10 03:28:53'),('e5f3l0rj57jo7r9jhp1da2gdas',407,'2023-09-20 06:38:15'),('e6uo2fdjjb32nqsasm9m8f9kcg',344,'2023-11-01 05:06:40'),('e7a3ppni8mr8cdaepvaqqpr27r',294,'2023-09-05 05:16:51'),('e8fpaos3jvk0j8scl7jr4io6md',265,'2023-10-16 01:26:14'),('e9ngiu4k701b25t0qfdl2v622c',430,'2023-10-22 23:41:06'),('e9t75nts0kav1384i960veman5',405,'2023-10-11 04:54:12'),('eabrhsel4d8ar5if4i3at01uen',457,'2023-10-11 05:07:05'),('ecmjs77nu1036t6ssojgqtaluv',374,'2023-09-05 04:10:20'),('eeovd721mrfm5febc0o72l502i',335,'2023-08-31 17:17:58'),('efpp0uellvso0p15bb51l3414p',300,'2023-08-30 21:02:38'),('egl86omto7qj4lst953h0llh68',265,'2023-10-18 13:59:02'),('ehim2vsumvaeeqocilql65s8bj',334,'2023-09-03 20:49:23'),('ehodf5n68i35dhpjgel47nnist',264,'2023-09-14 05:17:35'),('ehuvm667tk72ckn0ppamn89e7m',285,'2023-10-10 20:42:09'),('eic12dskv2sqokiodm9epnb88l',344,'2023-08-31 23:30:36'),('eig4b18aratr0i1f7e3j62dfre',365,'2023-11-08 02:05:40'),('eii7nuvnmkj80tc7g6cd71ejvk',264,'2023-09-16 05:52:25'),('ejm3uhsf18grbndcm9d0n5mprm',263,'2023-10-06 02:21:42'),('ekhrgs5pft9uocb54hnve8tisp',350,'2023-10-11 23:13:51'),('ekltaatmd25q3ru8mdjarghgeq',326,'2023-08-30 04:15:17'),('el693u7k8bjcelqc9pfdihe44h',321,'2023-09-20 19:15:33'),('eml6pln9n5s9svlp5jqh9qhrad',427,'2023-09-29 15:16:04'),('enos5gjlmfmn8jlig2q0d3pij3',266,'2023-10-07 00:16:41'),('eobpe1de6t4f5i7t70gpqn042i',326,'2023-09-20 05:52:06'),('eqbjrutpubuve6im4ojs1i9lf3',383,'2023-11-01 06:29:20'),('eqfqrm3g12at7o4671mk9cma8n',264,'2023-09-22 23:54:53'),('eqrbv4q7uejpqk9dbohde3tfk3',361,'2023-09-19 17:32:14'),('er7kpkbitc8ani0f729m8nc30h',366,'2023-09-04 16:11:55'),('eteqct640rp5o89ffjhkuel4nq',483,'2023-10-25 03:31:21'),('etouv3rm82k620etsjik5fght9',388,'2023-11-01 05:32:10'),('eu4bav41s0b7p7oct8apdj2o1d',365,'2023-09-21 00:31:41'),('ev5vtho4qbn15kc0g0jqiti053',353,'2023-09-20 19:34:28'),('evbkqc9npm05k7r494c46at4va',278,'2023-08-14 06:55:04'),('f04gqqkln5rapo8ffnb3je0es8',425,'2023-09-17 22:41:20'),('f0rdnjro4p812i818l8ad46kl4',436,'2023-09-16 03:54:40'),('f0sd9e3bsj9tk64c80oi5qm0e3',475,'2023-09-20 06:50:31'),('f1ddrolhk636c1k0klda2n2t0f',285,'2023-11-08 20:04:54'),('f2q9mfum9ph7a9pn8v2h1b0ggp',334,'2023-08-31 22:28:43'),('f4retuo5o749p9g4o55a8o85id',322,'2023-10-03 23:08:46'),('f74ii7564n4jj3262ihgfu998s',491,'2023-09-29 23:22:09'),('f77nf2sl1e2n4vijkn1vatls6t',462,'2023-09-20 05:22:00'),('f93tn5ukn1cva53f7vmjndi3df',365,'2023-10-02 06:27:50'),('fagp5u6vq6lsbt50ecg4l156ci',345,'2023-10-11 03:33:33'),('fcn3vvihllh8du0rprca38cqjt',355,'2023-11-01 05:26:11'),('fd79tge7u4cn18226got0ppbnd',297,'2023-10-07 16:20:15'),('fdg9o95jjr12fbdnipraikjotl',264,'2023-09-04 23:27:51'),('feemkqtkhcea7tj3ajdordhc65',365,'2023-10-11 02:42:26'),('fef0c1vsjcjj3aunbhl6bgpr20',379,'2023-09-06 21:37:03'),('fehjc9bfu78ok65903ismbvg0d',325,'2023-08-30 19:01:05'),('feicu1ms8d08uo8i0pjtpfmsk3',319,'2023-10-11 05:53:42'),('ffernm9ah7nn8818sg354hu8m2',335,'2023-08-31 15:48:06'),('fg63j1p382bljrosmitopdua69',345,'2023-10-10 05:09:25'),('fhb8noc6bi8m4pcbamqi93aucn',420,'2023-10-26 20:38:57'),('fic0pl8butik9j261ba5t5js9g',264,'2023-09-20 20:58:01'),('fif65bqk2d4l421bquufksgaic',314,'2023-09-20 05:25:35'),('fisbbsfp488g4rrulb4890kpbo',407,'2023-09-20 06:50:52'),('fjd1iu18odl4th0bkbmadijmlh',291,'2023-09-19 23:14:46'),('fjrfb3sjps154r2hteutmpal14',407,'2023-09-20 06:42:57'),('fller3hload4n8uff85e49tuss',368,'2023-09-11 22:24:55'),('fmnaouu66f5h5iisrpejdv0pom',340,'2023-11-01 03:49:04'),('fnanibift4ldrn5lgtjsv8k6bj',350,'2023-10-10 05:40:19'),('fnv496v03tpr6kho1029fcrs8q',336,'2023-08-30 15:43:38'),('fo0laf7hca4hf7hru67qduuh9l',264,'2023-09-20 23:52:04'),('foflr771k12mkneucln0j9cei0',339,'2023-09-14 23:58:08'),('fospe0e1igmtrp9e49dfift2uh',264,'2023-11-09 02:27:46'),('frlg5etvrnnpkeeqmgnquul170',295,'2023-08-24 21:16:32'),('fs4i3mb9ivntskb8653nqc1hkj',350,'2023-09-06 07:25:05'),('ftifqe01gilhl1gtag962pt4up',392,'2023-09-20 03:49:00'),('ftr1vi6ujgv7nigkj5fa1dpaqe',410,'2023-09-20 15:15:26'),('fuivhgv22r6161btfu4pf38qak',365,'2023-09-20 07:36:01'),('ful8skkbr0ahb4jcu2raf6guc0',460,'2023-10-11 06:13:39'),('furrthoflg6muug32sm113cj8m',263,'2023-07-28 01:21:05'),('g2kid6esjgdffl07ubcqtb1ms9',385,'2023-10-04 18:08:59'),('g2mgntnh9p72g818vo73eok5h2',264,'2023-09-16 01:14:38'),('g3art6gd886ma297u0lrbb8n77',329,'2023-08-30 13:57:26'),('g3tk9cg3qmrvhcjl54s5jgs8vq',330,'2023-08-30 03:53:11'),('g47ilcj1a5raolrnh69pou6728',358,'2023-09-20 04:49:53'),('g4t13uijhaomqlgpit736ej93q',491,'2023-09-29 20:12:01'),('g72brovuilshvm85r46jv34ruj',430,'2023-10-14 01:38:27'),('g7pns12h33j3ci428438oeee70',407,'2023-09-20 06:34:48'),('g8djnr27k44qm3v4ooce28lacl',427,'2023-11-01 06:05:49'),('g8h5jlpvsgbfe5ql9le10gsdr5',294,'2023-09-13 13:48:59'),('g9p53rr5qnkdfvf3a1bp3j1j6a',350,'2023-10-02 01:47:25'),('g9ptfbsb049cdtk0iq8g6nid33',480,'2023-09-20 06:59:41'),('gae2k68c69i9sgm7d3mjnn9k01',465,'2023-09-20 00:45:56'),('gb498584koa6dh48tircum5m4k',297,'2023-09-19 18:12:17'),('gbbt2tcdgukg2k3j5jt5m3lv6t',489,'2023-11-06 16:35:49'),('gc19knbb62877c88mkdh7fnlkg',264,'2023-08-31 22:51:39'),('gdu4bjci6ijicph43dfdpq2ec2',435,'2023-09-19 22:02:01'),('ged1ubk80vr9k2bbj7i3vbk3rv',363,'2023-09-23 01:16:47'),('gf60i5g1v5bvbgv06hndjkqkjq',264,'2023-08-27 21:45:15'),('gg2fneoan04576alo0m68ndso8',334,'2023-08-30 18:33:49'),('gg9k929eqd7rdvgqtltp14847a',291,'2023-09-19 22:35:46'),('gg9tomm1i9h50p35rvuhi6lbai',407,'2023-09-20 06:31:42'),('ggo31saj6e1aoaul1k514mjuat',351,'2023-09-01 16:22:21'),('ghinc0t7ggjjio6b144t71bsrc',329,'2023-09-01 23:07:31'),('gic42la5ai883mvef89kmfn4i3',385,'2023-09-19 02:40:51'),('gjh9fpg1i5aricrdn07vt22ndo',464,'2023-09-16 01:11:54'),('gjnmd4m33rir9dp8c30rbnsk8u',392,'2023-09-27 12:26:58'),('gl4p2083m1oamp10icae36coch',347,'2023-09-02 08:34:58'),('gldqm8a1g07lnsh5sj7cso85up',332,'2023-08-31 01:48:11'),('glr49htb9p259bur5ui69jf4mv',283,'2023-09-20 05:40:36'),('glraogbvf659k1mmc6ndcdhv6c',319,'2023-10-11 05:49:40'),('gm8p3fnbm968it60upu3efao03',300,'2023-10-28 01:01:31'),('go37ca3rgpphpv40ice6j9f6cq',293,'2023-09-19 20:58:29'),('gp99d4tmmf79i5b38dj41hi170',372,'2023-09-20 03:46:09'),('gqcenad52hqbia5inr3m8qcf05',410,'2023-09-20 03:56:46'),('grvatco70coj9uo6vcj38hcqs2',289,'2023-08-21 19:44:59'),('gsfm9ogd5r3setdilrbpvmidnj',427,'2023-10-30 05:59:01'),('gsuuhhk0f17e7d9d75ndf7jjlh',365,'2023-09-20 06:20:16'),('gtqpb3rnr11pvn701tchkcs5m2',472,'2023-10-03 20:13:46'),('gtssv9qd4cin1virehkcki2oqv',474,'2023-09-20 04:46:47'),('gu9p285r76rhm5ujmcc7eccc7k',315,'2023-10-10 04:29:39'),('gukn5mo8o8gmr4b6ebbhkh6kvf',265,'2023-10-18 06:52:20'),('gv5vr2iddo9nvigdpoab7iohe5',334,'2023-09-27 01:40:10'),('h0dhfnm4igpqpnhlp71jlp868e',488,'2023-10-08 11:18:42'),('h0o3bsj7jb7m44o8723qj70a31',365,'2023-10-08 07:04:25'),('h28kae6mgr0v6mf0nblqg7eie4',264,'2023-09-19 19:54:52'),('h2geerpn8p86bq4hivqev8isfl',410,'2023-10-11 05:48:40'),('h327osfcesiffkqteihr9iapjv',378,'2023-09-20 06:56:52'),('h3knfq6g86r53nnrf840cpqm2o',407,'2023-09-20 07:00:45'),('h4309auv8enreod6e41n0ojf0t',472,'2023-10-04 01:09:49'),('h5tk90tclv2aapvv2dm6nbpfqv',374,'2023-09-26 02:36:46'),('h70lhpr015egoq86444j54hkpv',393,'2023-09-18 01:16:20'),('h7fkp583i683644lb295tsv485',407,'2023-10-11 06:28:52'),('h7pgj1lippuvopebr7f6sma2ur',375,'2023-09-05 05:20:32'),('h8oj7sfm0mr5k3nkmt7h1261ir',344,'2023-09-15 20:52:49'),('h94dcsimb8h5trismovpvtala9',294,'2023-08-28 18:44:46'),('halbrn37vkg13vf7pr0bk3n95a',379,'2023-09-29 03:35:43'),('hbcij2kpq5h7sv4odjivsid4et',388,'2023-09-08 04:46:49'),('hbdlo458el0koltc0kplgd485t',345,'2023-09-15 16:02:54'),('hbg18lbhi1he7ietd4ki8rd4ei',264,'2023-09-06 21:41:49'),('hd9a5nk3s5rp9gjf6mam1cqojh',302,'2023-10-15 20:10:53'),('hd9j2ookpsjmir45n5u47prf9l',435,'2023-11-01 00:51:14'),('helj841js5q44qge6bcjh4gq6l',365,'2023-09-19 02:56:20'),('heo1bmjf3irj0e0iosudr26lsg',444,'2023-09-19 15:47:15'),('hetio2nnosu0pqgtb7j5p8loaf',265,'2023-11-01 13:20:18'),('hf1l87u7rm16qbc209l4rt47nj',390,'2023-09-20 05:27:13'),('hgls0dmeip66chdcon4f0cuk5r',264,'2023-09-14 19:45:55'),('hgsfuhmak1ff5t56cp33qj4te9',293,'2023-08-23 12:51:44'),('hhtv75e9kdbmiaa4eohgipb2iu',322,'2023-10-17 06:07:56'),('hj2jnuk30osecirpvj5s4vv10j',293,'2023-10-12 07:48:52'),('hj8g0uso2fn0qv1e9mcetukgv1',298,'2023-10-11 03:13:14'),('hjo82p235fsjlag8tpueeo9e6l',321,'2023-08-30 00:48:36'),('hkgm28k2i425usl2ju629s3q0d',378,'2023-10-06 19:28:04'),('hlchg0gk681e0daad9ik16elni',326,'2023-09-20 06:37:15'),('hmgdn5ee17b5eoo7fai4e9c722',435,'2023-11-04 22:59:34'),('hnmvg9o557npe3gslnc2r3a2fa',326,'2023-10-11 01:35:00'),('hnphavg60cfadn915hh6tva9i2',340,'2023-09-19 21:54:58'),('hpqcehmjgh97sn22mldgaodsvq',265,'2023-10-17 00:28:25'),('hqa5rrgmih74ojbjb7bol3su9q',325,'2023-08-30 04:42:14'),('hqg689u158r2fboj79il9b39gm',365,'2023-09-07 05:26:08'),('hqotd32p2d4imllqvnto0sg1gq',302,'2023-08-29 02:04:58'),('hri9srkhgrt1q2s0ea384b0ndj',435,'2023-09-28 22:53:39'),('hru0ig8dbnbfh8v8fnocvocesl',470,'2023-09-16 04:09:58'),('hseeacss17p5crnlvu7f5ib3rd',264,'2023-09-14 03:00:35'),('hsh8sq6377gvrqshumadk6kob2',366,'2023-09-20 03:30:25'),('ht59drg67gv24sjq3v3stq0qlh',362,'2023-09-02 17:58:15'),('htg9dm2f9mpj7pvrf6bhs2k505',334,'2023-09-20 01:59:46'),('hvhbsrd52oou6iqfmtu1hcel9h',426,'2023-10-10 22:51:20'),('hvook5q3eqvv63uhmu3p6nekpd',292,'2023-10-29 22:56:05'),('hvp8afjkhmbmjni2r7gav4ef7u',405,'2023-09-13 17:33:13'),('i070rflg2llsvq7m7qslj7o60u',315,'2023-09-20 04:09:55'),('i0k6a581l8komqjd62qjtv8aa8',365,'2023-09-04 01:53:02'),('i1f4rc4r2dd2alj3vm3q9jhlsd',294,'2023-09-08 06:21:39'),('i2mifib6115c9njgl15rhoi71t',366,'2023-09-09 21:30:54'),('i45is4mt0j6vf6hdii7ddt8lvq',392,'2023-09-19 19:28:43'),('i49rjguthf9lo1vi728pd5h6r4',264,'2023-09-01 21:25:43'),('i7em78mk8llcbbsdce0f30mia1',353,'2023-09-01 23:54:30'),('ia9a1j2adjtt7884k2s8gbqqk7',464,'2023-09-20 06:55:17'),('ib7ev57ddfo08i0dfkjrl1sr41',319,'2023-10-20 00:28:43'),('idrrtfpea7hnao87e6lk06alee',340,'2023-08-31 02:47:50'),('ifgv83cvr4l1onhjlh66jpb0da',485,'2023-10-11 01:05:39'),('ifq66tes416h6t1id9jifg8546',461,'2023-11-01 05:40:19'),('ihnpa7k3r0fmq0vr0572r2emkq',344,'2023-09-15 20:00:29'),('iitdvd3p38g6odfpa5ijcjavmd',457,'2023-09-15 23:42:44'),('ijeakj3tc5eqbimu9i39g8nfqh',437,'2023-09-16 19:39:52'),('ijtfmdb6cj8gcbn5clvqp1q9n1',315,'2023-10-11 17:59:37'),('ika16mbs734m3ghm2pqbjo9665',435,'2023-10-02 16:09:20'),('ils3gjm9rdbl0bof6sbd08448p',362,'2023-09-02 18:24:29'),('imdjhoc6nl85of13bkfdtt76nt',300,'2023-08-30 20:44:03'),('imvrkc2n3dd53sqtb1eql8404i',301,'2023-09-20 06:34:52'),('ini4o865ltrjm88oo740v43gns',435,'2023-09-18 15:37:10'),('io5da5fgk7boa8vunqvlirhkik',366,'2023-09-21 03:33:40'),('io6j8e5mmcksldqd0frmm1qitu',326,'2023-09-22 05:14:56'),('ioqgtptlaq46k8ele9j9etefm5',303,'2023-10-12 18:27:14'),('ipic8rcfsr04rd8u8pumbkjv9i',365,'2023-09-25 18:31:35'),('iqj1tq3ihscvb4rpjrq3mbhckg',349,'2023-09-19 03:45:17'),('irsbggu0lgpcnglbvgnfokl4v6',350,'2023-10-16 01:57:24'),('itk7s0curcptpa2ht499lp8i6e',344,'2023-09-16 05:00:56'),('ivkbu4raq4rvijcbfd9bortfjv',419,'2023-09-20 06:29:28'),('ivo3ql9t2o3tkhnj1vfstvagpd',324,'2023-08-31 00:09:31'),('j0d5jdent788a9ujqfo5glunqo',334,'2023-09-25 23:49:29'),('j1apjb9nbgq4q4la9rl5nkquhg',324,'2023-08-31 13:34:03'),('j2698p1ravm0vn86orsnia28f8',353,'2023-09-20 19:04:45'),('j2cthlafgosqtufns871svj3un',358,'2023-09-02 00:51:00'),('j2hh4g86hjvq521j263tle3hjl',472,'2023-09-29 18:46:57'),('j4fr8a73rng69sq2kff0qe739b',294,'2023-09-09 20:14:35'),('j517hlvgfokf0f86kdqsbh7g1e',322,'2023-09-18 03:50:38'),('j6q4mc58djsgtkd2286327tr2p',388,'2023-09-19 22:18:44'),('j6q9ndruodv254n987gutt5q09',353,'2023-09-18 23:38:21'),('j7ao3v5tgctb9soe6b67ije6td',350,'2023-09-20 06:36:50'),('j7c60uppma1cndqg217klra07f',405,'2023-09-20 07:21:41'),('j7iohfd23edq4ca1ac2up3prlm',340,'2023-10-06 15:33:14'),('j7kp1s3rredq41mrufcpn5nicg',339,'2023-09-19 02:16:15'),('j7paobgfq99tsnm1p719j4vct9',302,'2023-09-03 01:23:54'),('j809vbh1pe6mislcp6ojufmseb',456,'2023-09-15 22:18:48'),('ja6pvfvv9f0al35i40pgb8vgtn',354,'2023-11-01 05:25:49'),('jaumhch5m2b0jsro9kf1vd4v09',472,'2023-11-01 00:10:20'),('jb8bitgn56mh7nf67iqo8o96e9',336,'2023-10-10 22:52:57'),('jcs2k70elfj446give9ivln1u3',264,'2023-08-31 14:47:25'),('jd96qdlbu4sc67mn71d0t69hk4',350,'2023-11-03 20:17:40'),('jf98s6e8f4ctedgnitjl21q7mm',365,'2023-10-09 01:48:31'),('jg8rurnbrg4mpltkko8dhp2avf',295,'2023-09-20 23:31:00'),('jglv9d53isji4fbjvscjgc2th0',297,'2023-09-21 23:51:43'),('jh5hgp4327hm6qkk357t9g718o',305,'2023-09-18 18:03:28'),('jith2k8b17cpf8hi1t2gd39iio',392,'2023-10-13 20:35:02'),('jj1o084f97dns0eu9bf1fo7dm7',298,'2023-10-07 16:20:16'),('jjpuspbqt7pekokfiblopivipc',463,'2023-10-09 00:17:03'),('jk6bkklnh1tdfct7fape2b98te',334,'2023-09-07 23:29:31'),('jk9lh3rvv6u5kbcc5uu211h5lk',483,'2023-10-02 22:02:04'),('jlakg6muisr7csa1sglrcat5ql',393,'2023-09-16 22:47:10'),('jljrfie6grdrpl32agtgjo1mn3',365,'2023-09-20 06:06:09'),('jlpqrfjedctlvjm4aahelrmguj',350,'2023-11-01 21:05:50'),('jlsok43vnq9p7mpvb44ro2qlt0',291,'2023-09-20 05:05:29'),('jn9rt1069jmalkank8eiijcngu',407,'2023-09-20 06:55:49'),('jnq020spvreica31hckremtvc6',312,'2023-08-30 17:01:56'),('jo0dh9da49r3kife9l5fcdg9ns',324,'2023-10-10 07:13:55'),('jojbrav1cfql24sujs5a86449m',379,'2023-09-19 21:32:57'),('jomrjt3tia5g985u1jkl00pse7',344,'2023-08-31 04:49:35'),('joo1dug5l168m2qb9npi6k3rc1',365,'2023-10-30 06:05:12'),('jovuhuh6jposr84d2k77oruoqs',298,'2023-10-11 04:28:35'),('jpv9sv4hcu7euvsvftpiicgi3t',344,'2023-09-20 04:51:35'),('jqd1uajo83q39n93ugvqg6gj2f',365,'2023-10-04 04:54:06'),('jrd8veta1bqevfrl8e92fngebp',463,'2023-10-11 05:58:17'),('jrh818sk7lr9llm6uih21n391n',315,'2023-11-01 01:51:35'),('js2csvek3bjp628cj900kufojr',322,'2023-08-30 16:21:42'),('jt720k33g7t439qv4jnuc1rfeu',365,'2023-09-20 04:55:13'),('jvguvir8p2jtobq8mtur3vduj9',321,'2023-08-30 14:59:37'),('jvtc7rlnqma42abu118h6qc74i',297,'2023-10-13 23:13:53'),('k025crjutrsurbiosf1nufgql8',294,'2023-09-23 07:32:43'),('k1f05q3mn5jskc45f9uj2m0kve',413,'2023-11-01 04:19:32'),('k3246a90a7pmmbr3t3la6360lj',340,'2023-10-10 01:28:53'),('k54a785rcghdrhotnhcrsjpbu9',322,'2023-10-01 05:13:12'),('k5teodjs0oamjhca12gb8951t1',466,'2023-10-11 03:18:46'),('k6bpv17h9e234cindu765p5a31',265,'2023-10-18 06:14:28'),('k6g51bad8g58g0lr009vam2nde',483,'2023-10-02 02:58:17'),('k6nrl0v03a67ps866uer4s5gdt',388,'2023-09-23 00:19:09'),('k6r2cd4ibh34a48rg81g2123e5',344,'2023-09-20 03:11:27'),('k6rg79incd6knm8ju9mrfn6cfu',475,'2023-11-01 20:21:14'),('k79sbrh3r3tsn6mnsoq2eprohn',339,'2023-09-20 20:54:03'),('k7f178tkf9g5ur98qosdub5nou',325,'2023-10-12 03:30:25'),('k7mph94026hco827mjpp8e0mdt',366,'2023-09-12 21:17:50'),('k8eh5se5mauvussvg85igv0pvq',376,'2023-10-11 06:42:50'),('k8nh2f4caj7nrnm4bs14284d3l',388,'2023-11-01 04:04:48'),('ka9orte14m6gi8idelg0dq6ovh',293,'2023-10-12 23:37:16'),('kaq1t6nbah8kfmujblq1n2v72k',334,'2023-08-31 03:04:25'),('kb886gj2n09lq8j4jd19er1g4u',264,'2023-10-17 16:19:41'),('kba1u787mnp1um96iht8rlq6k1',294,'2023-09-18 20:05:53'),('kc20hlr94jfn7h08jc9fj6bguj',321,'2023-09-20 02:52:40'),('kc4s611rhe5h227uhrkbo7tv12',294,'2023-08-31 14:42:10'),('kcme29srfcob92ea8v8c1o9ngp',264,'2023-08-30 01:16:15'),('kcq11f205f4ov0mt23jvi051kd',350,'2023-10-14 01:31:12'),('kddq2q4b0o67bqe164jcn418gq',392,'2023-10-14 05:06:40'),('kf17a256q3r4o4ar53150n0tkn',325,'2023-10-10 07:57:13'),('kgko9p6ioddneue2rdugjppu97',472,'2023-11-01 16:19:44'),('kh6p7spm387it16tdphpivpul6',328,'2023-08-30 02:22:43'),('kiv4js7rloi9ka8ckgksa12avd',302,'2023-09-20 12:59:04'),('kk34uioa3ntovionmdkpq8rb49',410,'2023-09-13 15:56:01'),('ko1rq0poeb5kla64rp1vhfspau',407,'2023-09-20 06:40:46'),('kpe3909aa4p2r6o0l345fg3o5p',332,'2023-09-19 21:02:43'),('kppmdb1bngm2jdmkf8pev9oog1',366,'2023-09-12 14:20:56'),('kqpj41po7c9uqeg1u2uf1nug0l',491,'2023-10-18 01:30:55'),('ks291lghsrrh3ighmj63a65215',294,'2023-09-03 16:12:06'),('kt9i7kgb6u7f8on5nog493n9c3',319,'2023-08-30 08:46:05'),('ktgo03hvujvs7ttcpcqvg26bs8',315,'2023-08-30 02:52:16'),('kto7maeflog3am08uo1ho2dus8',365,'2023-10-10 07:38:34'),('ku7l0pnit3mfsd77kgn1skv50r',431,'2023-09-15 01:10:51'),('kug1ah7setf41r4ntbv938rvco',365,'2023-11-01 03:42:43'),('kvk6sapdob0hgd904ed4s5bm2o',336,'2023-09-02 23:14:18'),('kvkn9k68e27g32ck89odfbf7tl',285,'2023-09-20 05:03:26'),('l081m8hu0e114nmne7uap9pqj4',264,'2023-09-07 00:45:07'),('l0gpf3bcgsve7mf36nm1btb0fg',264,'2023-09-13 21:10:45'),('l0nvrfkm2b17e88v5d6qkle6sh',480,'2023-09-19 00:08:32'),('l145lf9v3rcrkmaadlpk7gsr1k',264,'2023-09-09 05:18:41'),('l163f0uosfnb1qelrgje620dr3',378,'2023-09-20 03:43:45'),('l17hfouc315vefme8sj18fo3p1',282,'2023-08-31 15:16:13'),('l2dep3rdfau7tho7nk8enc2s7h',367,'2023-09-19 01:45:41'),('l35ck5341hviau5ridqr6u7crm',435,'2023-10-02 05:42:43'),('l3610m34hsrrs52vkpd44me930',435,'2023-10-12 20:19:22'),('l49c1n067t34b0m2728c798vvl',325,'2023-10-16 04:55:28'),('l4kk269300s8tpa7thg5ema5mv',336,'2023-09-20 00:24:03'),('l53qij13op2hklo485emu9ph8t',365,'2023-09-17 23:16:51'),('l5cgf7ftocqvkugfh8gkibqstd',358,'2023-09-20 02:35:19'),('l68nge78j5jrggc357k464f01b',405,'2023-11-13 21:00:50'),('l730k9b4m8qh49g9ou75joo7ul',463,'2023-09-20 02:04:43'),('l78pjsfn99fm4c1q324ijtdh72',298,'2023-09-20 02:05:13'),('l7klgfgq724r8rgtbpk1m388d6',345,'2023-10-22 06:36:58'),('l8p0p4fc7649fbac6g30u0vpqu',344,'2023-09-20 01:47:05'),('la055kgf57b5f9f7rk6j5vq932',443,'2023-09-20 06:01:23'),('lasjfnhui242cqce5dn3ppnn5e',265,'2023-11-01 00:03:54'),('lb6phplkh3efivinpds1mlruo2',463,'2023-10-11 07:01:17'),('lbu4p3r30l2ngahmk8gu982ni5',291,'2023-09-20 04:03:24'),('lcfio62d2cnjsjjrsj51rivflj',300,'2023-08-31 23:06:12'),('ldelvp7v37p2m9h7phr517r3km',340,'2023-10-28 19:28:19'),('ldgiuruo0jbf1pua7mj3juqqah',472,'2023-10-16 15:35:48'),('lemj19diqfihuucga7bplvtbi1',264,'2023-11-08 04:11:29'),('lfe9ns5ipt7errr82jq5pi0onh',430,'2023-09-19 04:35:10'),('lffal76pr1ai7467dc09e146n4',365,'2023-09-20 06:22:57'),('lgjrc8rj3tqvedvivocsorbr3p',340,'2023-09-20 02:19:50'),('lh5bsl2unlo6hn5lkj39fvgfir',348,'2023-09-20 13:26:02'),('lhulda1em7clp9gn2djcn3kc90',297,'2023-09-20 04:50:42'),('ll4l5els1tgu1ujrul7o6f5tc5',413,'2023-10-11 03:02:28'),('llbpnv2dlhdhjri1m8pfk1djgb',264,'2023-09-07 14:47:17'),('lnfjc2ts8f6ivh02tt7d647eua',315,'2023-08-31 01:40:41'),('lpjemet84imec8h8cm97tek0to',345,'2023-10-11 03:31:00'),('lpnajl69si3gkiccnec8onklga',298,'2023-10-11 05:21:50'),('lr9etuj4hp5j1kjbft1g8l6eh3',342,'2023-09-15 20:54:00'),('lrfra7f5bvbusojtke9n32mk82',471,'2023-09-20 04:51:47'),('lt3vfgi5meb5de7ueg8acb5tis',372,'2023-09-20 03:50:51'),('ltuth4n2i6ad00dtfs85t8t34h',265,'2023-10-27 02:14:21'),('lue8oi9dlmb3bgdpm7lqnc97ut',347,'2023-11-06 17:20:25'),('luoc76p2m1in9l3k9gf23e4isl',305,'2023-09-18 18:00:05'),('m0tfnhaasusavshg91t2h4vgf3',312,'2023-09-20 06:44:02'),('m1j22e76m8natp3jpn0k88a9em',476,'2023-09-18 18:10:48'),('m1vb0i7bdeotp01vio0iudmkg1',347,'2023-11-23 19:20:53'),('m213m1cgrplm02j7hvfmpti6se',471,'2023-09-18 01:22:57'),('m2lj7iimc6on2gclfld2cajh04',350,'2023-11-01 20:16:28'),('m5ir0crd1d4qhtadh79a4mho1b',325,'2023-08-31 02:28:38'),('m5vgcesej2jjn1ajnht7cr0e2c',356,'2023-11-01 08:03:59'),('m65rm40b5hav5gg7gb1fovajj3',350,'2023-09-26 03:11:19'),('m77gg0pdqnfg97ef418mdft50n',355,'2023-10-11 05:04:14'),('m8mgebg5rd84rs54vtr715q21v',322,'2023-08-30 01:12:58'),('m8q5n7s8al5ttfr9fl5kaf2557',382,'2023-09-16 23:46:37'),('m9ff24ug1c7uuns7hg67gph0qk',442,'2023-10-11 04:58:20'),('m9qaajii0c5r5bv7o8a3d78gnl',336,'2023-08-30 15:39:50'),('mbmkeju1ij2fp6ff5hjg3apcjh',319,'2023-09-20 01:17:32'),('mbr9alsd8ee3ura7ljuuh1ilb1',325,'2023-08-31 13:14:43'),('mbtjivjgn9fa5j205igj9q8lt7',426,'2023-09-20 13:55:39'),('mbuadqt5gpajup7nh7cshvg3qg',328,'2023-09-20 01:47:58'),('mc5c8rh0tqk7mlq0jmkjolpagl',407,'2023-10-11 20:33:43'),('mc5m605bd4t0r3k7cltiaku7t0',334,'2023-10-11 22:23:22'),('mcaecfqae8uruh9sq2iomge00f',344,'2023-09-18 07:18:33'),('md2rabbglr4rc4rcj2v871ket2',345,'2023-10-11 13:14:11'),('md858coql0l4r0vfr3qielvg65',350,'2023-09-22 04:12:57'),('mdffores9ebbgs8t1lp3f4kd6s',471,'2023-11-07 05:57:06'),('mf9v2ltat98oqsqgo89cade6ps',264,'2023-09-14 07:47:47'),('mgev1sf3pse2riei0j5o3v0o8o',301,'2023-09-20 06:53:20'),('mh2ac9cfhrojdnakgf5tr5hf4p',383,'2023-10-11 02:43:53'),('mhdn4verpqcf9ph6g2l015nv4p',264,'2023-09-19 16:27:55'),('mhnpf4q32dg38cqgo85i39i6v1',264,'2023-08-19 15:38:13'),('mihfugqof4j94nus6et1hg88cs',300,'2023-09-10 02:58:21'),('mii1mok10pkcth3ujg8l0eo8n6',319,'2023-10-11 05:38:35'),('mj6fmnvsi2vji1oh3nmds099en',440,'2023-09-20 03:59:34'),('mloavfq48mr8ej8jvdlfe6s00a',471,'2023-09-16 06:10:54'),('mmvsu2e9dkfl9lc5adhq01km7u',330,'2023-09-17 19:47:35'),('mn49g4a9i59j8p51al4r9fvsb0',385,'2023-09-20 02:11:50'),('mqt6kobe7dbdddvbdp5delbitd',265,'2023-10-13 20:06:26'),('mrent34i9pp1ehdk0vkhc6bkon',383,'2023-09-21 01:22:45'),('mrj7211uobcojvqaqs4167imr2',264,'2023-09-05 22:33:13'),('mrmbldepiqmues38conmroo5lr',376,'2023-09-17 21:34:59'),('mrr221gqjtvhchpu202o3fl2dk',325,'2023-09-21 19:47:07'),('mupddb1dgrbaioiv1v70ldqm4k',477,'2023-09-19 04:04:17'),('mvnbej66upmp0h5v3ulgrrc0d7',293,'2023-09-21 01:29:27'),('n0dpjnfmes2oblmjq3l19s2bsu',293,'2023-08-23 13:36:35'),('n14lgd7in7pa27b2mfqi2ottqq',340,'2023-09-18 04:54:15'),('n1sj9ofoce3r5oscb390bqucmb',337,'2023-09-01 20:11:42'),('n2e2ulbadgtfgov33jro4d430e',350,'2023-10-11 03:04:22'),('n30cvo32hv7bsvjjhib5thevgb',312,'2023-09-20 06:52:54'),('n3co27ll9vsfnpc7r82lo6jidd',265,'2023-10-31 23:53:23'),('n3gnms9fq14nhojakpd5fv2mt0',409,'2023-09-12 23:24:13'),('n3kvmr38naftf2ec2pneonn6ie',294,'2023-09-15 23:04:57'),('n47hsm2cqafikqi91jhuj1rhg8',312,'2023-09-19 22:34:32'),('n6ka6iuqtdvbtkom0ga1qqud0s',435,'2023-10-12 20:19:05'),('n75g6lsnbn1e6tro34iv23abjq',350,'2023-09-18 07:36:41'),('n7965is8j44ccvmfdfht514sfb',471,'2023-09-16 05:16:54'),('n8b9bjtgl7613v9lerpkji8gb4',384,'2023-09-18 20:36:31'),('n8c39k2sngqqonvj3svsflutmh',436,'2023-09-19 16:52:43'),('n8h6f2af30vle2unpntm6jej46',264,'2023-08-30 23:25:09'),('n92u5jv47g2u74j48e3p0sdi8e',378,'2023-09-20 06:16:35'),('na03nab82ko6baunjod59ug8t6',360,'2023-09-02 03:39:51'),('nam24u8coh6d7ft03p4chrcme6',319,'2023-09-20 21:15:21'),('nbdh0f70ptrafcim2i02ldo896',353,'2023-09-18 23:27:41'),('ncivf0ql5v988brdvs2ae530ig',353,'2023-10-11 05:46:07'),('ncpiua5hmusm5a6n2i2bgfmses',456,'2023-09-15 22:17:21'),('ndbh8r9758rag5n7gjcvarue4r',352,'2023-09-20 04:23:03'),('nedpggpnjp0d88a97o66eagmhl',350,'2023-09-21 05:29:14'),('negohtr5rpd5kb43855qm7nd6q',365,'2023-09-22 06:35:52'),('nej0jveu2k0apgj0l5khhd8s9q',322,'2023-10-17 15:38:18'),('nen1af00c0j4t5lvfappmr0i1h',414,'2023-10-31 02:52:01'),('nf423r04k53j13nmt78cue2eqs',294,'2023-09-19 23:51:01'),('nfrrvgnqs1qto5ttabuj3h7lcs',334,'2023-08-31 22:05:13'),('ngcv7t25rgcp6vka9t8rooedmc',365,'2023-09-05 01:59:52'),('ngtt7r48ifditapqpbl5cgjsna',264,'2023-10-05 14:50:39'),('nhe9tdp95cru0be22qjd3i318f',327,'2023-08-31 00:03:25'),('nig7lt8tdl6ijh0loluglkptk2',345,'2023-10-11 03:56:10'),('nilsoteptr41ba89dre11mr8rj',365,'2023-11-01 02:02:56'),('nj63vivl7fdgdhjmfb9ggnm27o',322,'2023-10-02 04:40:41'),('nji7lb0ggq28mj84eh6b5nvgfk',294,'2023-09-18 05:33:31'),('nk527k5eerg5ed1fa1vlmoc18i',465,'2023-09-20 00:40:14'),('nm5k5u8t1dod16gpkt59bs5r33',485,'2023-10-26 23:20:20'),('nnes671ff9o3vs9k1o6ptg8q2o',420,'2023-09-29 23:04:51'),('nng1r812gkc3u0bs80guv6fd6p',293,'2023-11-06 09:15:47'),('npomv5nltgrbakpq67tin5empj',297,'2023-09-23 23:55:12'),('npsagpqdq07jptfasljfrgnh6n',264,'2023-09-13 20:33:06'),('nq4hulr7mqqalar6nt7s57ed2p',300,'2023-09-06 02:17:48'),('nqd03q76rh9girgvidtak9hdgb',289,'2023-08-23 15:22:41'),('nqjpc95vq64t0097g2hpqoaj3q',315,'2023-08-31 05:33:01'),('nthaedfaaknq8lul6fo61718dt',435,'2023-10-01 20:09:44'),('nur16b7ngvc8dc7n0lkg7jn64o',358,'2023-09-20 04:39:18'),('nurf72taluqegvicsj92eca5of',315,'2023-09-20 21:07:24'),('nutp5vbnrbkk1gqm8180htf8qc',264,'2023-08-29 23:43:43'),('o084uqef4pdgvap4e6102u7iit',297,'2023-09-18 21:00:53'),('o0a02nukq30t4v0c4jpkhs77hh',441,'2023-10-02 15:19:45'),('o186mgtj224suhc8ejrtt07c3c',448,'2023-09-19 20:29:33'),('o1nl4m6fb2i7l7nb7va3h9oiok',354,'2023-11-01 05:27:27'),('o2f45o04ll6114jucqu84s8sjg',347,'2023-09-01 06:03:45'),('o337hp7tqu9s37orsgpq6p4f6k',349,'2023-09-20 02:17:33'),('o378stolm2igdqvbj6td56k163',430,'2023-09-18 01:07:38'),('o3mou2vahnggtre9kh5g79dcv1',322,'2023-09-20 06:24:21'),('o4s38uuiq8bsq4pv66lmcn734r',350,'2023-11-01 06:53:45'),('o59efl21vm6m1u70tu7jfvu8ik',477,'2023-09-19 19:56:11'),('o5idd64a2j8aba4k6pe4t6fdmu',407,'2023-09-20 06:12:53'),('o5rulac2ndnk4mn781evmihnhm',372,'2023-09-20 04:02:07'),('o69cl8713pe8orq011hm11fsqe',474,'2023-10-11 04:33:39'),('o6cknqoc893g33sbc9nj7l80bb',294,'2023-09-07 19:12:50'),('o8srg9s27cseen97gd5c8jabva',319,'2023-08-30 00:40:11'),('o9ise531n9khkbp6820p2q6g1g',285,'2023-09-25 14:00:47'),('o9uk9jcagsmdia8807lm4v04cv',340,'2023-09-26 16:40:16'),('oa9djskvq4b9756gncdm1n345l',440,'2023-11-07 01:35:39'),('oba97jvtk5f6eqkf2leincsim5',298,'2023-09-20 01:16:53'),('obkkiti6t48a7odjodv3oukm3s',344,'2023-09-15 19:44:09'),('obv1775gp34l6i1g8846ho5sl6',322,'2023-09-19 19:57:34'),('ocpl5nd35jpgr9nv3tot1mnkq9',294,'2023-09-01 17:19:58'),('odo3jldklahokb11gvbc09f2l1',365,'2023-09-07 19:02:28'),('odrldq3o6hb8qfet9ikf14p6ot',463,'2023-10-21 23:38:51'),('oek32ufj3f8ji1up335urjeh8q',293,'2023-08-31 02:56:23'),('ohc3iohh41nmifape82g53ls3l',444,'2023-09-22 20:23:02'),('ohhhinvjra9223cfpp3hbvt37g',372,'2023-09-20 22:01:43'),('oicdr3jkptsackk5ntjf15nlfo',347,'2023-10-17 19:20:03'),('ojbgf3ossg8tq899dmn6nqkd6u',414,'2023-09-13 18:58:10'),('ojmd4afn98lhjsiqjln9gqst6n',264,'2023-09-09 07:06:12'),('okgkdr7pbkendkebm6lmbrsdud',347,'2023-09-21 19:19:09'),('ol5ccofe4d4iiq8c9m7luc2j8a',366,'2023-09-08 20:06:16'),('olgnes13ne48goftfuvpcs84to',340,'2023-10-06 00:18:34'),('olojpiq56f1ektq4em47q2p2o5',348,'2023-09-20 14:11:43'),('omp7rqfl5k5r3aqcht9f47vgkf',300,'2023-10-30 02:21:56'),('ompf6dq94qjpjkh7dg1tsv4b1f',365,'2023-09-21 05:23:36'),('on5sb1un966sdl427mmv0lhcqq',353,'2023-10-11 03:01:17'),('opunk5nfuuvif4f600rf19jl2n',345,'2023-09-19 02:47:19'),('oq25om4hpmu76rfldujcn683kq',321,'2023-09-20 03:24:48'),('or4lcj23k4qpntk8thr3m99219',353,'2023-09-18 22:59:53'),('or8n0o99emn13j8kaqhuedp34i',334,'2023-09-20 05:59:36'),('ork937i9f7q22lhvuobfhu2ec3',300,'2023-09-15 20:57:27'),('orq021lbmf2tvbfci334ri1qcm',265,'2023-11-08 20:33:53'),('ot4ol0nadop45vhc1dc1lucoql',360,'2023-09-03 22:23:38'),('p03vj1pblpalkk53blja5ho5hr',483,'2023-10-25 17:35:09'),('p08rriea3glkaqc0cmpu1fiuqg',334,'2023-09-06 03:55:24'),('p0gnoeh82aaa6blog7pncrrv4f',365,'2023-10-17 21:35:15'),('p27ffbuqf20h1tiba8fq0csvl8',368,'2023-09-12 03:57:07'),('p3fft75b1vgq6ci39bsjr7fulb',365,'2023-09-03 03:32:57'),('p3ro94vlp1oj4a6vcskkj6i8n6',295,'2023-09-10 19:46:03'),('p549d2fjhidnh0jk2hq4saha9d',318,'2023-08-30 00:35:23'),('p56okr3ntv9vdt37eijlk1s2pi',321,'2023-09-20 04:39:10'),('p72cbhr4jprb6ps5dg5gvk52kf',405,'2023-10-11 23:28:49'),('p7gr5pg4fnsj304jq6km692ed0',344,'2023-09-20 05:28:02'),('p824vs4md74pb6ttj21p4oah39',336,'2023-08-30 15:32:31'),('p83gsntsfq6s2f9gdf581urflb',344,'2023-10-11 06:41:28'),('p8jqhtgdj43h7feq9eotghi2tg',448,'2023-10-09 17:45:07'),('p9di36a1t576h8jv1309hhfdrt',392,'2023-10-07 02:26:15'),('p9kglus4g7e5fnio792b467224',329,'2023-08-30 16:18:02'),('p9m966egg5bggslq6av3uh2ie2',334,'2023-09-09 18:22:36'),('papkgckh05j47pmu1stklltvcu',285,'2023-10-20 04:42:43'),('pbpg34d47aq4fjh8fahbbisseq',294,'2023-08-29 03:21:59'),('pcpt7spdl249js4j0s9dp3lnfs',410,'2023-10-18 17:07:51'),('pdac36o567k05k0ndppa1u0e3l',265,'2023-11-01 07:45:43'),('pe614iah7akmocto9cjj2qdhe9',353,'2023-10-17 04:48:19'),('peolpmerdq9sv7mikjoo27ocef',315,'2023-08-30 02:46:01'),('pfsnar0go90hbmauerg4fd6u15',405,'2023-10-10 01:57:50'),('pgim0pfskc2keua4f6sg7knooo',360,'2023-09-02 03:38:03'),('pgpv0ath71r55ffneo4apiinrr',365,'2023-09-23 04:48:07'),('ph6fo2ku4bga2taqepkaqr4q62',266,'2023-10-11 02:55:30'),('phcg9plsce6ldfa86vauagtvqt',345,'2023-10-12 03:37:01'),('pi4ecnithro0f5hc599f73poeg',473,'2023-11-02 23:10:35'),('pifdtck49pj1e2aeqmoiu92dm6',457,'2023-09-20 00:56:50'),('pilgi9inqaj9uehdvci7p1tcbf',448,'2023-10-11 14:51:57'),('pj7vmoovplbil6633kfe6oed7o',407,'2023-09-12 21:10:37'),('pkdivigvkoen2rk2k41jfa8fjh',322,'2023-09-21 19:42:21'),('pknr5pif8fp6m80nghcmjva6g0',285,'2023-09-20 22:44:49'),('pn7sd3or36gh492rucpio4oavt',426,'2023-10-13 15:34:24'),('po25td3d64sjsb26gjpoavd06d',350,'2023-10-07 21:07:08'),('po7jnc2ib3forhhm38n14q6apl',343,'2023-08-31 04:10:22'),('pq14lb16bjvfat176kok8v1av9',407,'2023-10-11 05:24:37'),('pqieohfpmnavkcmst54csq317k',365,'2023-09-29 02:24:27'),('pr2e8flpiu0qse81elkcgjgnu2',265,'2023-11-01 07:32:13'),('prfevbv4dduq09rdl70mru4kug',365,'2023-10-10 17:27:26'),('prqug4pb1m9r7c6kbc7dj6nmoc',386,'2023-09-12 03:16:40'),('pt7knnbucs647q5916rlf8lk2a',265,'2023-10-22 01:50:27'),('q0uphhegpctgea4p7i8ev0mij0',297,'2023-10-11 04:34:44'),('q18ufi81jhsion7rl3vpobg939',392,'2023-09-20 12:07:22'),('q1kl69ev27vuc4ff86f7tmlv2p',471,'2023-10-11 15:31:08'),('q1llrocuu5o4v3djlffoj0cdus',264,'2023-09-13 22:07:37'),('q1vqad3v9nso2f00ndlvtvt0j1',489,'2023-10-05 17:19:08'),('q379p93up78881qe4brpdtcsb8',396,'2023-10-23 06:12:07'),('q4qvtihd61kbej6amtb5ksqr86',349,'2023-09-01 02:55:36'),('q53b98b7q869lm1sg5itbks1ff',325,'2023-08-30 01:33:14'),('q542q9sv8q565c8qakleo2147h',396,'2023-09-11 21:08:34'),('q5mu247mphduhc0b45n1f0md24',392,'2023-10-10 03:58:04'),('q5p1j1om2631dh9au0niqkp9p0',387,'2023-09-07 15:07:46'),('q606ursbjlv0f00q9bfursaa33',264,'2023-09-02 20:22:03'),('q70u3u1rdo8eecln61me5kgqmg',353,'2023-10-11 02:06:53'),('q89ltv5d96s4q9q6epqkvc56ec',388,'2023-09-28 22:35:18'),('q8cha5v9g9jo239mvanqugtu17',465,'2023-09-20 00:17:52'),('q8osnj3ljnd82oj4t89mohib9g',441,'2023-09-21 14:12:07'),('q8qs9jdq79a4ea59k0856nhu3m',392,'2023-09-20 02:08:48'),('q9gp9gqqcb7832i40v2lmdhrt7',345,'2023-09-20 03:47:14'),('q9tdrldp9uc61bpu0oagjauv7i',265,'2023-10-19 06:53:06'),('qa3r4q6pi7tbqdeshmno99ft0i',468,'2023-10-11 05:58:27'),('qaa61209pl03eo0nrcu1rkucf1',318,'2023-09-15 18:19:34'),('qaj9c3lbjp9e2l65k86h8aiodj',285,'2023-08-19 00:30:45'),('qbnbntjn7e6149t1blghgvce8s',354,'2023-10-11 03:21:39'),('qcvd6uv1fg5r0t19oiajp37omi',339,'2023-09-15 03:01:31'),('qdhfjncnr1ndq4iq2lbbbeafl0',344,'2023-09-26 17:26:23'),('qdt3gg27jthja9phb0n57hafgd',300,'2023-10-11 14:32:10'),('qdt5kkvq271972hsovejrvtdip',302,'2023-08-31 00:23:40'),('qe60al6btgnqisuf3ca1b335hg',294,'2023-09-06 01:50:36'),('qg7f0u1bfbm5kkpqa59gap7bob',395,'2023-09-20 05:59:46'),('qh0mlcuocts398gcmh0mjauclp',472,'2023-10-03 19:31:37'),('qhrttk3fqchlqbhqvb22i51cfd',395,'2023-09-11 20:39:05'),('qhugg0clg428eopq1qctsfq15f',471,'2023-11-07 17:08:22'),('qi8t9grj1l72kiqtr6kl9hmuhs',483,'2023-10-24 17:07:12'),('qj0i043lmcs1auehmtld52qr00',303,'2023-09-20 04:10:08'),('qjmdkjotpesko7hsne5orj4m35',410,'2023-09-19 20:31:15'),('qjrq5kph3igd6vvd6oqho3l76a',385,'2023-09-20 01:59:02'),('qjsq51dlbv22a8418p9ka8h55l',297,'2023-10-11 02:24:52'),('qjv2nbm3hqgoc224libm7k6igo',354,'2023-09-20 04:44:35'),('qk7ce53lioh89htd5u4d77ghrt',344,'2023-10-11 06:30:21'),('qlsnahns39jsmqq7v6acur4a32',265,'2023-10-19 01:44:54'),('qoa994b4q4ki1cud18oajv3jpo',294,'2023-09-10 04:26:43'),('qoe9qrko457fu0p9n13768gcbc',264,'2023-09-27 02:36:08'),('qoq4k36i621g5bfmc46tpbcd24',293,'2023-09-21 01:43:10'),('qov00ophof4ob5ljhbht2ilmvg',294,'2023-09-15 01:05:08'),('qpv1so1vpsiarhaig8me9fbu5f',407,'2023-09-20 06:53:57'),('qr2hcfqb8u09a8lcadrapsa44a',347,'2023-11-16 19:27:38'),('qs8imb27rsmkkaljasfn6uqiu1',260,'2023-10-05 04:43:57'),('qt0e0cbvgfkeke3nqm94p94i34',297,'2023-09-20 03:32:25'),('qtg7tc4paa0iu93n4cujp9m5m6',407,'2023-09-20 15:19:23'),('qtn0ce0oc3vtt6dgpik7hotrio',435,'2023-10-31 03:19:08'),('qve60sbp5h65ru7mgpogkv4gdg',349,'2023-10-18 01:30:00'),('qvhbgdqubqc5kveg1gqfodeb8p',435,'2023-10-17 17:14:49'),('qvt721ihs0budsjv3cl0adcj4q',365,'2023-09-19 04:37:52'),('qvuhnho28olc0i5r1f3psi5bon',319,'2023-09-20 19:38:18'),('r14knttorbfmicmh05lrp7pqhm',426,'2023-10-11 04:34:04'),('r1dgpdmli201280k49e3rmj23k',365,'2023-09-16 21:43:26'),('r23hid9ahdp42plismlkbh78vq',361,'2023-09-20 03:58:01'),('r296aqk35lmce3t80ovcgejrbf',392,'2023-09-17 00:49:27'),('r2bammivc2p6a54b8ln9hrqd8h',358,'2023-09-20 19:35:31'),('r2tuhal7qis6j1l9hhr925gdag',414,'2023-09-20 22:49:15'),('r496pestj7lfda9aqpqh504rqm',315,'2023-09-18 23:05:07'),('r4ui72rsffueet0qrurpml70bi',475,'2023-09-20 02:55:26'),('r53cltihui2fdns3p1lgt14lq8',319,'2023-08-31 00:36:03'),('r78m89313939nffvks3eve8nrq',388,'2023-10-11 04:15:41'),('r8513o6e6ck10o6m7asq839lcn',298,'2023-10-12 22:51:33'),('r8c5o4p0rmo3ldf4o9q6dphk7a',435,'2023-09-20 03:51:49'),('r8kj9o1tvv97aelsgrq7n7v65j',490,'2023-11-02 00:14:10'),('r8qje27r3vs7pc6n7tb5ho5dgi',297,'2023-09-20 01:34:36'),('r91bgdpgpegv4mjrkufbrc6u3l',365,'2023-09-24 19:26:20'),('r9f9adetqs5h48uhvg7m2ms7lq',365,'2023-10-01 19:49:45'),('r9queo40sl3i49su3nscgmsa9s',483,'2023-10-13 16:26:59'),('ratke6vfvpgvroceit9oegil5e',314,'2023-08-30 16:21:20'),('rb71ac072uq3kv3ovhfro12tg7',298,'2023-09-20 01:34:36'),('rc05hsr5s00jp09qqu303hcctr',326,'2023-11-16 01:10:00'),('rdddkdps6lbv43v8vrr90f2mau',322,'2023-08-30 18:21:38'),('rfnn3ncovkkqkdmmu7s3h0rh5t',335,'2023-08-30 18:40:48'),('rgh7msu32hb1ug2fkrpfei90od',457,'2023-10-11 04:58:15'),('rgv8oss7rt8gd4i259ve9v7f90',385,'2023-09-13 02:11:52'),('rikvbb03ltqiafegnkgm6o1po4',365,'2023-10-18 04:27:09'),('rj9nd9vskljb9krbfa7k5pii3m',319,'2023-08-30 01:32:10'),('rjfu5eqf9aroraosbvvghl375p',365,'2023-09-10 01:49:48'),('rjp6f8gsbke74e6n3j63drsvqt',419,'2023-09-20 02:49:44'),('rkb6r9p1aqhqhghksodds8e5qc',474,'2023-09-23 04:20:28'),('rkhgvld09gm0k5ga3pfn0mc8sk',385,'2023-09-20 02:48:00'),('rkmgeq7lk0bkvoakaqh22acuj6',407,'2023-10-11 04:44:23'),('rn6ajkddvffqee0rocddfpoavb',319,'2023-09-20 04:21:32'),('rncaclu0nhv8seienkf1i7jn7d',294,'2023-09-07 15:52:00'),('rprkdpga9qsfr7gk0n5sein134',347,'2023-10-10 19:32:02'),('rs955suib137h4s04413t8lg4u',365,'2023-10-10 01:45:19'),('s05e5h5la1abj3jadbuc7ihbe5',293,'2023-11-02 04:24:43'),('s08tai3lolro3p0e7m77mfgde2',485,'2023-10-17 20:02:11'),('s11h43q9qol728tta0thvj42hd',293,'2023-10-11 04:41:06'),('s132iv41ivb5godu89tik2n330',353,'2023-10-11 05:21:07'),('s411ps81tghl9vivcl82i7sd2g',430,'2023-10-11 01:38:48'),('s44idu3cftfb4s3e31hc8h2dvu',350,'2023-09-19 05:38:32'),('s5nu1mh3gbcm031a7hencu74o3',300,'2023-08-31 00:19:07'),('s7bv2kf7kkpqsdejntslbihmgc',265,'2023-11-02 23:42:16'),('s9993i2n1it9hmddlk190i8r4e',334,'2023-09-27 19:25:53'),('s9o7n2fk8pqru64dtudatgcjm7',324,'2023-08-31 00:21:30'),('sb0m829avd562g0tqdrf7v6rnr',334,'2023-08-30 21:04:31'),('sefb45kt0u7c6ugdrqa7eqijhi',300,'2023-08-30 14:53:46'),('serv6n520fqo8479sui6e03ai1',298,'2023-09-20 02:00:12'),('sfmutb2asvj12bsoh060eadt0o',264,'2023-09-14 21:49:11'),('shlfnqf52ej8e9pl02ov7q4q0s',325,'2023-10-11 02:22:39'),('siijo79e5q6anh0ab5c5hgmel2',394,'2023-09-11 03:56:28'),('sjlog1sn1e9ii1fao26s00sds0',348,'2023-10-13 02:39:26'),('sjmdgajf6gu7a3me20sonslidm',358,'2023-09-25 18:45:13'),('smm6e7p0g8ucs117c68qq4b394',327,'2023-08-30 03:24:37'),('smobta5v75ldhqa0vnjhj5u3me',286,'2023-08-27 21:10:59'),('snlit3g8rme7qmnff755o2oue5',340,'2023-10-11 13:23:44'),('so31g6ok8vnlvp1au89vngpb8b',444,'2023-09-20 05:19:56'),('soffujundg8sv8c3e26kvl455a',313,'2023-08-31 02:48:24'),('sordj6modvc68nqnia7r2luk4r',283,'2023-08-19 00:02:21'),('sp658j6n7k95ao728mdup0jcn3',293,'2023-09-20 03:17:52'),('spkj6d3625ks6njmna0bo1ai54',344,'2023-09-15 20:52:28'),('splsp0nov6dr7mablon2e402ii',296,'2023-10-11 06:21:00'),('spu4do1kjbu54juqoaji6v1bdo',469,'2023-09-17 19:21:23'),('sqhs0r489kgpb3h3t11udqko9k',365,'2023-10-09 04:42:06'),('ssgp8qi7abld03heb0h8k9vpsu',473,'2023-10-04 01:56:20'),('stjq03sauief7ehu49275uriqs',340,'2023-08-31 02:49:57'),('stmoj5p9s7n4qf0hv4ftmddcdt',420,'2023-09-25 23:29:05'),('su9mdg3gquperggpkg604goidp',347,'2023-10-25 05:40:47'),('sugkrseq5bchaaqjkfvnrk73r6',379,'2023-09-08 03:13:00'),('suu253a93ke9nd40fahhultl1a',359,'2023-09-02 02:16:16'),('sv6oafoamfahp0pf7lja0evchi',442,'2023-09-20 00:09:45'),('svs3fbt266ghhv0ta47ff69kfk',472,'2023-10-17 20:31:42'),('t00anvrqie2peldh9p7l72t026',448,'2023-09-19 19:14:34'),('t1i8h8isvhpajaqji2sarqmufa',463,'2023-10-11 06:37:00'),('t1opuf5k6lf3vblmroa2sqtomb',265,'2023-08-18 04:38:29'),('t3l55gql4i2fme7dsu6up6dr8j',471,'2023-11-08 05:42:42'),('t4nfr28js30tgen3sindi5cp8o',330,'2023-08-30 03:32:03'),('t563sib2d9ab4g2ncqnisqd87t',476,'2023-09-20 05:29:30'),('t5f5v7s7us5gl3eogh01tupt0a',404,'2023-09-12 17:28:22'),('t5vhcbeqcqlsrr35r1o85paffg',385,'2023-09-11 17:06:42'),('t5vvf4daa2etfv9oef8sl66cnv',457,'2023-09-15 23:30:27'),('t9bcarvja9q1lb446i03mdqqss',282,'2023-08-29 03:20:55'),('t9gqpktqkq5dbc34jhi4nis6lr',320,'2023-09-28 15:24:10'),('ta6u91tpoprkst0uh75phe64pr',266,'2023-10-16 20:34:59'),('tag9p34v33qeq6devkpcno3ces',264,'2023-08-26 21:12:27'),('tb2lo5p6e366u2kee6b9ljnebh',444,'2023-10-11 04:47:59'),('tbbr9c3lvmq0gd74ol29mcqqs8',365,'2023-10-10 04:37:45'),('tc1b2ecpdtutn7pao31ng0osfb',322,'2023-09-06 04:14:28'),('tc5clsro2qakamr7lehif93dpt',260,'2023-09-14 00:49:34'),('tcr6mh39q1lukjs67v2iejopio',265,'2023-11-01 20:17:37'),('te4g0i21ip26qocblak08gh9f0',319,'2023-08-30 17:01:47'),('tei5bdukkv3r8qbqbjn6eecvfe',294,'2023-09-20 13:30:10'),('tf38hgeql0cgl2a2tfbmq9bnp3',314,'2023-08-30 16:30:23'),('tfg7prrbhenvho296lkra9nhrl',471,'2023-11-01 05:59:57'),('tflvjln767pal307f0mdcquqj8',405,'2023-11-06 13:29:58'),('tfqhkm984umpm0qjnkcdsb6dcd',325,'2023-08-30 02:58:15'),('thmg131kc3aqnh02u4s1qfnlra',334,'2023-09-20 12:55:42'),('ti0l6lhknt93p4ogj9e7trv9ep',326,'2023-10-31 21:42:18'),('tics587jnbapas6g2rqca62c0c',405,'2023-09-20 06:25:49'),('tj1hug88lm20m35dbggfhi83r7',285,'2023-10-11 05:21:16'),('tjueq74kbsdqh69s3bhip5ot7a',285,'2023-10-11 06:06:04'),('tncbdid252q7ivn7i4shtv56rt',291,'2023-09-19 22:42:23'),('tnrfrbf80k9n6l2m5cd4s9262o',315,'2023-11-12 04:14:27'),('to7dorb6eefc0cafsdf5rm9fts',319,'2023-08-30 23:34:33'),('tokckolo9d84hbnco26fcsr0g0',265,'2023-11-02 17:30:15'),('toql9th696v486u5eadm92p11d',388,'2023-09-19 23:32:32'),('tpt1n4osqq74h16lh52d51q2lb',334,'2023-10-12 00:56:58'),('tq8f83b1fh74sg7t42qb99fs7q',309,'2023-09-19 22:50:47'),('tqob7s58aqf8qh8clalc4m0spf',336,'2023-10-11 03:16:06'),('trhrqkoholohnq8e578o6oqups',264,'2023-09-27 05:46:15'),('trlept40g4g0s2s27stlvd2thq',444,'2023-09-20 05:09:45'),('ts3bc4h6au18ko42qp73fltf44',350,'2023-10-31 10:16:48'),('tso5cnl7h8dchn5v2v6d78nijl',365,'2023-09-30 19:28:17'),('ttc9584ldkrcjnjfo6fuigl9rs',413,'2023-09-13 21:51:07'),('ttg5sd1jca1hcu85umsb84eou5',347,'2023-10-16 19:19:28'),('ttissc7c3vvvqlt0ra68abc9cl',334,'2023-09-06 01:32:10'),('tv3h49h33272hk3pghvj9naebj',287,'2023-08-19 08:41:31'),('tv58v15lq8he4005vfa37tjtca',260,'2023-07-06 15:21:23'),('tvcd2d1patsr33rnche0093dki',374,'2023-09-20 20:18:26'),('u06vd43fkksnqdiafmc2p5a8si',491,'2023-10-17 16:02:54'),('u1ue0qmsqalgcso7mpq2vurl5p',264,'2023-09-05 10:48:22'),('u26l7rf9oa8npm73i9ucl54s70',294,'2023-08-24 21:35:58'),('u2nic7r5tk2v41c3s6sna8ohmo',471,'2023-09-20 04:09:16'),('u38lg731vrij8i2qvf9ndka0j2',260,'2023-07-06 15:31:58'),('u4esdl57ivs5a5liq370n0f8h7',468,'2023-10-11 03:10:35'),('u6h4n5c3qj70b60k027is1u1lc',365,'2023-10-07 02:30:50'),('u70fgkc4c5kvm5ootlra85udl6',435,'2023-09-20 03:46:36'),('u7aidpr0iejc5rpmciu654eo9r',285,'2023-10-02 13:23:44'),('u8h4m8ddkhn4q4noj901bkkc2r',361,'2023-09-06 21:33:32'),('u9pbert9hatqqdqkhdql783t6h',350,'2023-10-31 16:55:38'),('uaa87884ithbmi76mu67nn70h8',260,'2023-09-12 22:37:02'),('uc4c8nnmacitmr94dfkplub03v',490,'2023-11-02 21:43:57'),('ud9skaf9o40i4jjhvqkl88fig7',431,'2023-09-20 00:36:25'),('udhlj4smjo6udga7lupb5fe3j5',413,'2023-09-13 18:36:05'),('udjf60c7u78luuqvv0b9du9mui',325,'2023-10-09 01:46:22'),('udjla6ovakgnt32i3s22s4oo4t',359,'2023-09-18 22:05:00'),('udpanq535s2arvmtpbelth1rr6',473,'2023-09-18 20:33:29'),('udqfhnu9k7gh6b23tfq45atepq',315,'2023-08-30 16:34:54'),('udu9ee3nk1rkbbv0acfhackb2p',483,'2023-11-07 00:50:51'),('ue20uplujcugvi7m8t5hlml0rm',353,'2023-10-11 16:19:00'),('ues88h1o34pp65cgpid4q1nsa5',337,'2023-09-04 20:51:30'),('uf1l3r2n24qqvtggcnq05n3v16',363,'2023-09-02 20:41:49'),('ufsieghutirt2h5231hmv4lbu0',293,'2023-10-11 18:00:36'),('ugn4n6vme5npqpnauo126ber19',485,'2023-10-11 04:36:14'),('uh22i6m0j096g2hfbrls7edglj',372,'2023-09-20 01:10:58'),('uhlfs252u5btmipv82sf6ik0aq',298,'2023-09-19 00:34:24'),('uhptjcgdl78j5aaejdjhpkjufa',340,'2023-10-09 01:35:23'),('uhvom61faasn3hidsspn50206o',442,'2023-09-19 22:57:36'),('uia48v1lf3voagent3s583m0oi',373,'2023-09-04 23:09:32'),('ujssk6bdi1qc7pgte027s6ukqb',345,'2023-11-01 04:51:18'),('um3kqj80jcug0ll6hda2iq6uo1',489,'2023-10-17 20:33:13'),('umb4tt9o4mu11qvk43copbqfan',345,'2023-09-20 03:48:15'),('undbk4jrgsvns8djtamc9c3iol',334,'2023-09-20 13:12:38'),('uo93jiqnkdgqiouqtmghfakn91',392,'2023-09-09 21:21:25'),('uoke32ch1nfa8ta7r4cg4t810t',466,'2023-11-01 05:54:55'),('uoorbn3supoj0dpdvl976e6o34',287,'2023-08-19 08:36:41'),('uoqf0hhf6pmobjt98nrmt8cfm0',334,'2023-09-02 01:31:46'),('up3osbnb06fnaqt2qnpkmtikcl',365,'2023-09-19 03:44:51'),('uqv7l55fuv0a1vs4ri5ugbbnpb',392,'2023-10-11 19:04:28'),('ur8aor5gp558vljmbdt8sdt59r',484,'2023-11-01 18:36:49'),('urg6u3ik6pftuku5v3d7hv9b9q',375,'2023-09-05 05:12:38'),('us2ou44il8sfls5i366pkd1u99',326,'2023-08-31 01:28:26'),('us5oo843cu81gpuqt0p2sh7gkq',264,'2023-08-31 02:28:40'),('ut62eapqhrnnb740qn4cn88k1q',319,'2023-08-30 08:43:31'),('uvlm17dtfbfbubq1tii67o6lut',478,'2023-09-20 06:23:12'),('v02v7jfsmun8ehtrnvsr2np9ed',318,'2023-09-15 00:53:55'),('v0tbf2gql22ai6psg87p63rh74',436,'2023-09-20 05:05:12'),('v0uqssqtmksvm2jbnjia36isf2',365,'2023-09-24 03:47:18'),('v2otb39karrgm95scf2oienvam',322,'2023-10-17 09:02:39'),('v30e6d9r629aq5kcv3ldkodard',320,'2023-10-09 14:08:15'),('v31hq5hte0aqvebu9d8oe55qsa',413,'2023-11-01 04:36:20'),('v3aqudlnaj0m02tnh27rb62849',347,'2023-10-10 03:55:01'),('v4k6p855ghpigrhvnlqnv5vmvb',298,'2023-09-20 03:20:13'),('v4l1cfsp25rdo3fpka1v0qru8k',370,'2023-09-11 20:46:22'),('v61kupaba5cnnlmivkj1c3s87h',374,'2023-09-28 19:43:20'),('v6eohlgtmb0ug82n3ji72ctskk',465,'2023-11-01 06:00:19'),('v6jf2451jf9j9smbe5pjpq1ivc',389,'2023-09-14 22:02:33'),('v6jor6b8cbi901duqaf8ihq60c',298,'2023-09-20 12:14:16'),('v83qo1pd5to6n35ec54ca8id5n',403,'2023-09-20 02:18:29'),('v8jnjldgv37c2gcnuvvh8obap4',265,'2023-11-05 17:57:06'),('vcfbnktl1midco550ejjl938ib',326,'2023-08-31 03:05:28'),('vcqg837fmoujbe670lbrec44uc',327,'2023-08-30 16:28:00'),('vept0cmv25i0d3e4j8uct1ernp',435,'2023-10-31 03:07:34'),('veu96t1uqi5ob3ak8m45vhqvck',294,'2023-09-02 21:25:29'),('vhsntk6asi0ghaerp29stbdugn',379,'2023-09-14 02:50:56'),('vi8tqeuk7kl2b01c5p6lhl3qbq',295,'2023-09-06 16:36:44'),('vkr1hhni7qmlhu03n5q2uije3k',345,'2023-10-31 02:14:48'),('vldfgrbefuck8ql0s1dhb5cljb',420,'2023-09-13 22:54:43'),('vmfu1k4uppastmrp1e954dfech',325,'2023-08-30 04:39:01'),('vnai0i56sh011lru2fr5feh1rh',365,'2023-11-05 21:21:13'),('vneg6sree3qf440euuamrmel69',385,'2023-09-20 23:59:24'),('vnhb6idcarb652fm4utf77t0qu',347,'2023-08-31 20:07:21'),('vntmc08girug8c7olnktvdl51l',481,'2023-09-19 03:04:22'),('vo60l8ad8sj9rgf0tmqspe1if0',300,'2023-08-31 22:17:08'),('vo9rq0crli487k7npsvuqim04m',435,'2023-10-16 19:25:29'),('vptpuh8ed1jnlj9s4tgt8gd9ef',444,'2023-09-19 15:49:43'),('vq3o7vevgnl68ak95inv5adnjf',386,'2023-09-12 03:11:35'),('vqadb5old384flsodqujvumtsb',440,'2023-09-26 21:53:44'),('vr1uf607docs8a45aoc9ppekgh',374,'2023-09-05 16:18:16'),('vr7j3bcplksjot4ic0mv4k0gfu',265,'2023-10-31 14:47:32'),('vrhaeef39vim2f5615ce7pbq9m',471,'2023-09-20 04:32:40'),('vs4sthslcjmjs355l9348jpk3m',419,'2023-09-20 06:32:30'),('vuceggsu0jog1iviphp2s1dkns',457,'2023-10-11 05:01:42'),('vus80f9nk2dkdv2cf0p7sl0f68',344,'2023-10-11 00:20:55'),('vvikvoffslnvke2qsinakemhbt',264,'2023-09-15 22:59:03'),('vvnf4novh3mridap2g9satf15l',315,'2023-08-30 02:51:54');
/*!40000 ALTER TABLE `sesion_usuario` ENABLE KEYS */;
UNLOCK TABLES;

--
-- Table structure for table `usuario`
--

DROP TABLE IF EXISTS `usuario`;
/*!40101 SET @saved_cs_client     = @@character_set_client */;
/*!40101 SET character_set_client = utf8 */;
CREATE TABLE `usuario` (
  `usuario_id` int(10) unsigned NOT NULL AUTO_INCREMENT,
  `usuario_nombre` varchar(255) COLLATE utf8mb4_unicode_ci NOT NULL,
  `usuario_clave` varchar(255) COLLATE utf8mb4_unicode_ci NOT NULL,
  `usuario_rol` tinyint(2) unsigned NOT NULL,
  `usuario_edicion` year(4) DEFAULT NULL,
  `usuario_fecha_reg` timestamp NOT NULL DEFAULT current_timestamp(),
  `usuario_activo` tinyint(1) unsigned NOT NULL DEFAULT 0,
  PRIMARY KEY (`usuario_id`),
  KEY `usuario_rol` (`usuario_rol`),
  CONSTRAINT `usuario_ibfk_1` FOREIGN KEY (`usuario_rol`) REFERENCES `rol_usuario` (`rol_id`)
) ENGINE=InnoDB AUTO_INCREMENT=547 DEFAULT CHARSET=utf8mb4 COLLATE=utf8mb4_unicode_ci;
/*!40101 SET character_set_client = @saved_cs_client */;

--
-- Dumping data for table `usuario`
--

LOCK TABLES `usuario` WRITE;
/*!40000 ALTER TABLE `usuario` DISABLE KEYS */;
INSERT INTO `usuario` VALUES (258,'Los_Mate-Poderosos','$2y$10$08obi1Grlw6LtEQA7rEDC.IbhXyaBCpK/7upLmDTDqo8qNH2ijPcO',1,1975,'2023-07-05 13:56:58',1),(260,'adrian.vazquez@unison.mx','$2y$10$ftejrvfJ8mQJ4pnHAHj6ouhLRiOGt9UOThOPLKb8EaqO9CPYVtsdm',3,2024,'2023-07-06 15:11:29',1),(262,'Los_Mate_Burros','$2y$10$gK0CuV5neLWFE9Z6MznsaeR4XQp3QcygN1Gt7eTjbGS75zhyGYJc6',1,1975,'2023-07-24 06:56:21',1),(263,'adrianvo@mat.uson.mx','$2y$10$3LaoJ80fYK9d6mhm1/40FOgFGFQrT8hwZK67X/iYSTVQv/kzA1a6W',3,2023,'2023-07-24 21:03:16',1),(264,'mayra.tocto@unison.mx','$2y$10$64kRVRfAgGdLF62XihuUAuV3m/ut87LO2ampX43TdxYf5SRA49rM6',2,2023,'2023-07-27 07:42:57',1),(265,'adrian.acuna@unison.mx','$2y$10$DgQz02K63zGleh0qTp8J7OQQhXfZ/7GloQYvxhPqoOqB2QvNeqdXO',0,2023,'2023-07-27 07:43:40',1),(266,'mayra.tocto@gmail.com','$2y$10$nCFObwH2sUPZ35k1SRyl8uRDh9MnEEh8VfnpUjxX4GUiDqyeDpoCi',3,2023,'2023-07-27 07:44:14',1),(267,'Los_MateProbadores01','$2y$10$M0ZfNRazp0HGGQIR9HK2rOomzVKVldK4oKGiYl9TrM3b23/57II5u',1,1975,'2023-07-29 03:58:12',1),(268,'Los_MateProbadores05','$2y$10$JZPofawxGmVkuUlBbNETMOBVGOrZl4yuXphmJWSJ0En2em79ZtcP2',1,1975,'2023-07-29 04:03:49',0),(269,'Los_MateProbadores08','$2y$10$Xk.29ElVmQgI8jMEGGFUQeuyuxr.D7klOeUFVTKxxWWqROI6y4wfS',1,1975,'2023-07-29 04:07:08',0),(270,'adrianvo@gmail.com','$2y$10$MqMtKIO4Guj8bdF45anAV.TNpAimMb/h99zxX8QFWOcjDbBOLGjna',0,2023,'2023-07-29 04:17:30',1),(271,'Prueba_Carolina_1.0','$2y$10$qjo4LgeFKATcnrQM1C9QOOVS.M/LarqEuSy70TEcr9rZhOYMFO02G',1,1975,'2023-08-03 15:29:23',1),(272,'Los_Matehualos','$2y$10$NGkFMK4AEcqgJQLfxCTVkOIEHdMDYdN2xzZkOxrSCueWWcAVxhTQq',1,1975,'2023-08-10 17:26:42',1),(273,'Los_exitosos','$2y$10$XCs6IZQhvUiwWl.32ssC7.ZP4FtV1zpQYRRL9SQZoprK2LjKwaBi2',1,1975,'2023-08-11 02:10:30',1),(274,'MathDreamTeam','$2y$10$nb5uePaVd.o1aRr74a6VSeAS3.7o3hef2ybg8OApEyHYH6dWScdN.',1,1975,'2023-08-11 16:58:18',1),(275,'Poisson_al_cubo','$2y$10$1GSqNEolM0CBBtFXFR9YFeob6g.HBFTDBoFRVkBxgNTkCTuEat1M.',1,1975,'2023-08-11 18:31:01',0),(276,'MatePoderosos','$2y$10$F2Dt8X5qRC5NyfVH3k7oveAc0iJYKphn37kqP/A4dAHSZE1EXrVaC',1,1975,'2023-08-14 02:32:34',1),(277,'MatePoderosos_0','$2y$10$.OgxZ7/JhDi/4t0Eir/xLO5cTP5JpeVFWK7NLoDNEacXF..oX9fXC',1,1975,'2023-08-14 05:29:52',1),(278,'MatePoderosos_00','$2y$10$jkbhG3XVLos5IsutYI9TjOUcgoUWkFvMYvF3Jyo84QUJg/RiuZHI6',1,1975,'2023-08-14 06:53:40',1),(279,'1233','$2y$10$KC9BORlv4euNIYyktHubReZ0XwrHosVjyirT21zoSrVrR3KFnaBj2',1,1975,'2023-08-15 04:00:40',0),(280,'MatePoderosos_000','$2y$10$koCtQ3wcCU1eLKMdDaWyXuq3u/bDXH4V2QyXyjqD.ieLiRA5vJWy.',1,1975,'2023-08-15 04:16:06',1),(281,'melolengos','$2y$10$BSJO3CzEz3X3k9BvG1XaMuosQmdC0fqhYMSE0/bX25fYO7mWrcqXO',1,2023,'2023-08-16 03:26:38',1),(282,'The_brainers','$2y$10$jIfv.oprRis81GRH8jxHnuuxLkhLrDlXMczV7OhmOxSCl7Bp.JGC.',1,2023,'2023-08-18 03:06:08',1),(283,'Zasojan','$2y$10$iyqF58kjBgVqJqoXH.31yejccpTINOD4Jcky.EaxgDMfpKHPVC3Xu',1,2023,'2023-08-18 23:50:18',1),(284,'Aluminio','$2y$10$.qazBlbsCjBVs2OiGZgdheym.MnojD7itbpu/Wwv9BqSoMaPSmfW.',1,2023,'2023-08-19 00:05:46',1),(285,'Toros_en_MatematiKs','$2y$10$kU6sA7M1XBA4F7S/qXtYmuPjIQxu.q8oMsc/8fqqtLnSEvKdfidPO',1,2023,'2023-08-19 00:19:30',1),(286,'Chicas_Tec','$2y$10$.1dNycOWL/8iv.39uzRiXeqyDPiyog8Ikvw2.2VvRkXf6oU.0EJHu',1,2023,'2023-08-19 00:38:47',1),(287,'Pequeñas_rositas','$2y$10$dZBN5pLD3jWILucoBHnDYegonk2rxAW5ncYOX8jvbjkCqVPsOncuO',1,2023,'2023-08-19 05:15:00',1),(288,'The_breakers','$2y$10$cT5hDWY/9TFl7zh6LD5InejzlcItXIkgc/z47ZgamDHZf0ZdL09oO',1,2023,'2023-08-19 07:33:14',1),(289,'JRK3','$2y$10$SwfkupclEK/kNjiJGrzzwugFw6HVER3Nb3akNjL.wY4.bhzr6rbdS',1,2023,'2023-08-19 20:20:28',1),(290,'Equipo_√49','$2y$10$ROR.Ac.C91q7eS1jWiF5huacL.1MCg4B0yaIZdPBuzgp1xu55RlTC',1,2023,'2023-08-21 19:37:49',1),(291,'las_super_poderosas','$2y$10$VRvh8YAf86JNT5ENPPZar.qr.V019ejgfzTwpKzEMenogee..1o.2',1,2023,'2023-08-21 21:53:39',1),(292,'Math_Monkis','$2y$10$ONrdbFF/OdIMdlDAzjSUg.FasO4xJVaJS6TVnWzg4i00rMquLofKa',1,2023,'2023-08-22 20:03:45',1),(293,'Picafresas','$2y$10$ejqMJTs94gDVpCvaiKloEuJJQuVNMse9AN0XVaixcNtd56aJUibxO',1,2023,'2023-08-23 05:31:19',1),(294,'a220200034@unison.mx','$2y$10$c5puOZsM2ii/UkCu88i.wu/d5Yauvn9QjDv2hNIN/tPpLKWJdotKu',2,2023,'2023-08-24 05:42:50',1),(295,'a219218433@unison.mx','$2y$10$ztd8iR5JjLJdmcvJjEQrNOQ6OOz1OS3fBJPgW8mW6Bsey5InDn11O',2,2023,'2023-08-24 05:43:41',1),(296,'Metales_Alcalinos','$2y$10$ypnQ.w.W.8h167uJIx6vEepgYwR6ibMm1r1/ylqZ3Q.P0NZzaQYsS',1,2023,'2023-08-24 20:57:40',1),(297,'Los_algebraicos','$2y$10$OFZNTME2ncTll6KxKkDzAOS9LmCl6hwqq71CvHzaZ3KWGO7tzTNN2',1,2023,'2023-08-25 20:14:19',1),(298,'Los_Euclidianos','$2y$10$cZXQBk0e/oM5b/9EsPv0buotY76KLYfBZB2kx77COzDautLouZmVu',1,2023,'2023-08-25 20:43:04',1),(299,'Los_guerreros','$2y$10$pa4nU8D2lHX6EITQzelErunTeiuURs/2ROJgefvTKBzDsVt1vGUGq',1,2023,'2023-08-25 20:50:57',0),(300,'Cuervos','$2y$10$vMI5.JP/DIMnD9cORiMsIePHgnwEGkG/z.n/XhVWollymlrubgxH6',1,2023,'2023-08-25 21:46:58',1),(301,'Cougars','$2y$10$Cdvk3PV/OyWgEFfj6AatyuDVsKCghqlWC9aQSKTSoNiet.CqbakMq',1,2023,'2023-08-27 23:34:55',1),(302,'Las_procrastinadoras_unidas','$2y$10$Ewplkz62Tl8MtAyvvMF6SuWKXU0C9VLV/mGyCfNaqTXdP7Isc2yem',1,2023,'2023-08-29 02:02:00',1),(303,'MathTEC','$2y$10$n.tNzjU3SGzIL8JXyTOiaec42G0qd9QxElcz/9SWq0XtwmmJhRw6q',1,2023,'2023-08-29 15:06:18',1),(304,'LOS_KIRBYS','$2y$10$xRmYQPXO5NYHPqObhDUfgua770Idak0F/BaSgWr42qVvOqFBby5RG',1,2023,'2023-08-29 19:15:55',0),(305,'INTELECTUALES','$2y$10$KL/WQ0VE7dckWKNDxJeGoumC7y1qbIfrdvxqdvBnmjJw8Xx21QQQ.',1,2023,'2023-08-29 19:35:50',1),(306,'DINAMITA','$2y$10$JBMtWPw5/p9YFIjlQGLeouDCtNu5bh45Xg/aUNhtZxcYV62EsT7F2',1,2023,'2023-08-29 19:56:54',0),(307,'TEAM_PITBUL','$2y$10$i9IFO5bECGTFNUcmbNDC/.9o.jvzn.Eb.pSDG4cuH2UyYCqz/KSeK',1,2023,'2023-08-29 20:18:22',0),(308,'TEAM__DOBERMAN','$2y$10$JVRQ7D4g0FCrCkSbMNFcUe9J6MUZuDV4KBGqCN/Q1Ix61kTRpU/0G',1,2023,'2023-08-29 20:28:58',0),(309,'Cubo_17','$2y$10$EalqVfZrqJ5Qkz7PXZo6mu2lD3rHbZicPzuCJj2PdKDO94e7YWM.y',1,2023,'2023-08-29 20:29:30',1),(310,'LOS_PELONES','$2y$10$rf3oPakynaTPEaDKm/unq.T/RZE6sV68sgSLdOQsGx5eN52FO3O4m',1,2023,'2023-08-29 20:40:38',0),(311,'HP_OMEN','$2y$10$m1KedJsVaajvFFHBCTYq3er7w3CvoS7Ghp3SDCPblzJ2FzKS4Yb2S',1,2023,'2023-08-29 20:48:21',0),(312,'Lobos','$2y$10$pWKWlOhEMU/6uxmVMhr4I.BHYalvRdM/rw2KWOfhBgmrrFtFh8w.O',1,2023,'2023-08-29 21:13:44',1),(313,'303','$2y$10$0fG26Aio2y6pLiixsPDmQOL5g3t7c4TbRHxrgkOl9G4zEsSv85xUe',1,2023,'2023-08-29 23:08:11',1),(314,'Alfa_Dinamita','$2y$10$uUKFfPtwMu0mfdYMnUVM1.VQb2/YeA6hAzpr018eI3e6S/p8A1YX2',1,2023,'2023-08-29 23:14:07',1),(315,'BEE','$2y$10$GzNbgsHubv0V/c4AOt9h0u.Rokj/3Q8/UY3F0tWo2w/mfm4FzlVDO',1,2023,'2023-08-29 23:24:21',1),(316,'Hamasse_del_303m','$2y$10$NHzjP.VUUYvBIEaFlSI3OO4Cv6Gj3gKlXv7gZb0WERJ80ohAHD24y',1,2023,'2023-08-29 23:36:57',1),(317,'super_mathematical_stars','$2y$10$imaKSLLKMbLiT684ML5X4eo2ONPiNKChsDsQEyJdt14bl7YOnYzn.',1,2023,'2023-08-30 00:20:28',1),(318,'Tilines_inzanos','$2y$10$X5npom9cLNXWQe9Oya9Z5e4Xn5/0NyoshLo91ThtLJTq87HCOEfYu',1,2023,'2023-08-30 00:28:46',1),(319,'ELM','$2y$10$byG/F0RLdbp5cQGpOrOqNuVQ0.71y2brEY6v25UylCyhOEipqdGWO',1,2023,'2023-08-30 00:28:52',1),(320,'Haber_que_sale','$2y$10$Zxewf.dTy6AKmYLmTqtPmeekKcrJiEO4eI7z3dQbbQAedOP0shBni',1,2023,'2023-08-30 00:38:05',1),(321,'Delta','$2y$10$ItbDb/wq/PrdQsLv6pFudO7J1ktLF7jVdRndRES9ztcqrqpDHfw6S',1,2023,'2023-08-30 00:45:32',1),(322,'305_vespertino','$2y$10$a8gpUTNeWuWZXo68IxbpIO0eQ5GKDLpG1U79lL69mWlG9/zxwiq3q',1,2023,'2023-08-30 00:46:06',1),(323,'Los_tilines','$2y$10$V8erDEfeIVlBWZWmAscudu3bVi0fW8XZ8kXQn8gqQssImjtr8.3o2',1,2023,'2023-08-30 00:51:16',1),(324,'Númerofilicos','$2y$10$bLctCPQt0CchL75du8lQseSVoDCxC6Mf79hclp8e7wToqpCdUS5MC',1,2023,'2023-08-30 01:03:13',1),(325,'Paradigma','$2y$10$eWyozMo7ohi.qKq3qjqx7ueewH56.ZDmp5uCRrACsg8HwMiW8uEO.',1,2023,'2023-08-30 01:09:12',1),(326,'PEO_company','$2y$10$dWeKcq0vxYVtHuwfOvbaROK0/NQ4Jv89iF8zeJ1fQ7sf/J2pmtcuG',1,2023,'2023-08-30 01:18:28',1),(327,'Team_infierno','$2y$10$Pfimdwywn0lfkkgi2UgGT.9jHngZ.N7KYVp6XtxtD01sQa5/O7xu.',1,2023,'2023-08-30 01:24:28',1),(328,'Los_cbtianos','$2y$10$mnj0Map1HeZdrQgm4sbfieM0UZATxhKaClmc2E/itwqA8FnRm328.',1,2023,'2023-08-30 02:15:57',1),(329,'Los_Problemáticos','$2y$10$4b85.6ARyXgGGopB3tREI.Ja2mZ8AWQmvt1cuMYwIa5K3KlDOYgn2',1,2023,'2023-08-30 02:39:11',1),(330,'MCTRIO','$2y$10$Q3CoEkkbHgzNI9EdCpIqYOmunt3ZEU5kGdoXomP63b.h.DOGrCmPu',1,2023,'2023-08-30 03:26:05',1),(331,'EquipoUmizoomi','$2y$10$c39IJp.TeNPpEpsZkPaeFudHEhjZ.HhNLHj5VAmZlQaT3unqVxLSa',1,2023,'2023-08-30 03:49:15',1),(332,'Borregos-CAA','$2y$10$Y6hi/FDAKdNEgepigZvbWeA3dRjq66GDOBzItSUuwT5zaI7i1u.Hm',1,2023,'2023-08-30 04:41:04',1),(333,'Las_Quesabirrias','$2y$10$vUynQPAW9T4q7M0dOWInZeDwoc1qOJ7Vc/o9YnqQanbH8n5zmwL1C',1,2023,'2023-08-30 14:36:48',1),(334,'Las_inadaptadas','$2y$10$iBwdEN7r.QRjJE8WM3sc0.a6nmZxjXgCI7HqiSEZzIBJkRyhrGIm.',1,2023,'2023-08-30 14:55:52',1),(335,'Los_humildes','$2y$10$oMd0RwebOCqaj6TPi0rypOXQLpFIr/7TG4wG1Fbsrjl8/HIEeMUrK',1,2023,'2023-08-30 15:13:41',1),(336,'POWER_RANGERS','$2y$10$I6YDGjW/dVkK5wIAy6NqsOEi..rZZEPj2.G9SIdWW0OXKkGymL3si',1,2023,'2023-08-30 15:28:39',1),(337,'FAM','$2y$10$rvdf4Cstj1BwRw4t5xmCLuK3Tps65iK6/XV8W7pIg1wdg/z/pzORS',1,2023,'2023-08-30 17:03:25',1),(338,'Los_Isibasis','$2y$10$z1nPwcftXUQNIY072Q.leeCVPMgjoWDLAOz5QrgmOLN5RsXJ6kRTO',1,2023,'2023-08-30 17:48:23',0),(339,'A37','$2y$10$fouAu.b3.0QFCxNvDtfGo.zC6DjtN7Ouce/tERnsgQUJpxG8ELcke',1,2023,'2023-08-30 22:40:45',1),(340,'Sándwich_de_Jamón','$2y$10$E04DO5gfSHccedm6kc0JeOYMhLQQDD8vR2tUUI4723pssfxXxgTa2',1,2023,'2023-08-31 02:35:56',1),(341,'las_esquizofrenicas','$2y$10$K9H/3vTEBxLVwW3hYCnTb.epcfJ06wB3n8qx02x0txVHhu/hvqXPG',1,2023,'2023-08-31 02:46:59',1),(342,'C.M.S','$2y$10$R.Du904YDDcl8RIZwS3preZKyt5k9.yRqTz18GM5v5fPx7UAsOqCq',1,2023,'2023-08-31 03:05:52',1),(343,'Hamassedel303','$2y$10$g3V4bB.XgHYbxS.AI0PuCudBGmaFiPMhWNOla0ba3c7ngi65I6Qu6',1,2023,'2023-08-31 03:45:13',1),(344,'Jaque_Mate','$2y$10$2gnOtptnTb52HmH8jji1z./MLEnTN5atMZJ6jTEaLFoi9t5gfaq2O',1,2023,'2023-08-31 04:46:17',1),(345,'Saltimbanquis','$2y$10$bJpZGWyWdXHJYI9eKB1Oxel0Xm7farOWf2s5eT/LwOLSdvQNHcTR2',1,2023,'2023-08-31 04:51:23',1),(346,'Costeños','$2y$10$ngPKx6vIV15UE6QjdurwFOXes.YLpjV.K.4VD1KUYYq0oefpEKWEO',1,2023,'2023-08-31 15:28:12',1),(347,'COBACH_2','$2y$10$R73bqxHUyD//ydaG/oZsUePQWd2XRpTvtXSCPO4KzjkFhsPGqmNNe',1,2023,'2023-08-31 20:03:55',1),(348,'Matepapus','$2y$10$oh0hk9gVNw5t8Np56qSMwOn56m6Foww2yXIBfnJwb/fa8BcWqzUO6',1,2023,'2023-09-01 00:03:51',1),(349,'Limaz','$2y$10$BNPrW93HRINk0Fx6YpyxoOTLHmh.yfeKleiiFiQ5K1UZ.iF34oVeO',1,2023,'2023-09-01 02:53:06',1),(350,'Los_Desintegradores','$2y$10$U6jdjsgqxXQ2pPZ4X1XxgeTBN3t4wsK.APjbUfBAeHtuP6X7ZSP0.',1,2023,'2023-09-01 04:01:01',1),(351,'Diferente_nivel','$2y$10$TVqXkBePxFqVoAgvSj.ETeAzEx9KrlQe/LlR2lAgb2.veNr/Q36Gm',1,2023,'2023-09-01 16:16:54',1),(352,'Team_Rayo','$2y$10$kMQcDV83Pz0ViRZXsj2pU.W4oST1/3thXhEJdqb6HWbBb8lBSLo92',1,2023,'2023-09-01 16:40:58',1),(353,'Unidos_por_un_objetivo','$2y$10$CrcHsP7oh9osQucIiGRgl.GwZ5Z6pvSYL47laQkELdlKdlTUcdQVa',1,2023,'2023-09-01 19:10:50',1),(354,'TRAPITO','$2y$10$cNZF2Cigt0D9fib8OQfg0e4J4WMhI1RPtn4Xt75LRRzsTPr2ujeBO',1,2023,'2023-09-01 19:43:44',1),(355,'MATEX','$2y$10$/F/wzxVoqdxc55Oo10j/MOw.HsbvlwIW5AiAuFFcXXvZoO/fxShgO',1,2023,'2023-09-01 20:15:04',1),(356,'MATHGROUP','$2y$10$wApMqKpE6T21SrO1ib0V1OrMtFvpSLqMcBFnXHM7unMNFhQzQMSGi',1,2023,'2023-09-01 20:19:53',1),(357,'El_mactrio','$2y$10$Zr3kJTywgKmIq0IdVMQSX.dXXHSmIm35aAA1ah1wCAKy.UWWDjbjK',1,2023,'2023-09-01 20:19:57',1),(358,'Mentes_de_Tiburón','$2y$10$Q1jFqGbe0e/YZpvJSlbWWuk1EisPHG2ZJeyp4qFoI8tN7Asebkx6u',1,2023,'2023-09-02 00:44:11',1),(359,'La_decepción_de_Pitágoras','$2y$10$zgeEr775DZ0mwBe5yJos7OzNdVXUZFSfNkRlBiRSo1u9AtiQ5NiZO',1,2023,'2023-09-02 02:11:02',1),(360,'LOS_PARALELOS','$2y$10$6e/5oamzbAMQYWKuVPGyye9peZZCIUj4N0ylMbO1V4zqFxsPa92Fi',1,2023,'2023-09-02 03:32:29',1),(361,'Matemáticas503','$2y$10$zPJyWP5x3dFF7NJvrQ6t3evQ6k1MkBDYuc7Vz5ppH23/QmI9sMmUS',1,2023,'2023-09-02 16:11:13',1),(362,'los_ex-men','$2y$10$1wjhSfNlgQEfKqR7t//Zu.TGYil1A3ekfXPIBkdhxrWJsg7EYMu3i',1,2023,'2023-09-02 17:54:17',1),(363,'Los_Hijos_De_Pitágoras','$2y$10$sLf3s.g6C106qUmK4Agth.x011s9SPeXvC9HdDyTcKPvme3zIxGpa',1,2023,'2023-09-02 20:38:36',1),(364,'Swifties','$2y$10$kCadLEjDHfnmJMTU9RaCNeeC9zY2mpSPEFBeJbvFQhuFxEAdHDPoC',1,2023,'2023-09-03 01:40:27',1),(365,'Descendientes_de_Gauss','$2y$10$0TYgHuZXu0KfIccjwqvOfOWL5frDa1W1MOuyWg3mQw/idn14OHpD2',1,2023,'2023-09-03 03:20:50',1),(366,'Las_3x3','$2y$10$JbvA0HQolN/ONFiI2Yk8IOHcSCjIMfwvmfjvrJtEmghviBizinYqu',1,2023,'2023-09-04 16:06:28',1),(367,'Escuadron_Lobo','$2y$10$LdYIndCxraYoCfrhOlUxBeutJCBw/sNIMtz34MXPfBHhm7Viirnn2',1,2023,'2023-09-04 16:17:40',1),(368,'Backyardigans','$2y$10$Mq7ZK8txRp6VDMTtGKWbK.jhObZ5HjWJO5m.bgim0EctSemrSlsTC',1,2023,'2023-09-04 17:29:05',1),(369,'Cobaya','$2y$10$8dilxUi71iyvGc3W4vw5BuA4ySf48QnOCA/xeE7g74MyYNcbL6oNO',1,2023,'2023-09-04 19:22:42',1),(370,'Tilines_insanos','$2y$10$3Rp9/UP.m9TFflPPHBLev.XLh6fDtuw0JQGiv.N/.8A9GwbMzg2wi',1,2023,'2023-09-04 19:24:49',1),(371,'Los_mismos_de_siempre','$2y$10$Ml8CWGtiLS9IvJ7I.MXcoe5UAzPN2AkfH5dFUSfIbbbtuRL8gfgBm',1,2023,'2023-09-04 20:08:13',1),(372,'Stardust','$2y$10$qnN8LYDocYepD1/6VE.VRuU0vel89g0ysZY7.OKdjUwScAUUBApyG',1,2023,'2023-09-04 20:30:10',1),(373,'PAY_DE_LIMON','$2y$10$Bn0cU0tkIQwUp93fq0ERyuj5aPjnlJanMlO5vA/mVwCcvI/VkBdMq',1,2023,'2023-09-04 23:03:45',1),(374,'Los_cuervos_del_norte','$2y$10$rKKZbaJZqZhQBOLczntJ.uzBVQ1u.eWIGhEBk8bDhwNv3YALbVZpO',1,2023,'2023-09-05 04:02:32',1),(375,'Cordovitas_AOS','$2y$10$SH9ZMW24ixPptfdAdkDGmORnjLuaJB1jStoXaQuqQyZ4Dr8wGMOWC',1,2023,'2023-09-05 04:51:16',1),(376,'Kino','$2y$10$.7c4gAiaGmTWimzAsWtj5uF.HoEirv.SZdwxTxfr6HSxEjgd86HQW',1,2023,'2023-09-05 19:38:16',1),(377,'Los_Mugiwaras','$2y$10$30F07usBgzmMcN7kiC.PN.reY/jjAe2CJ954c/WIegJ2itRGBZW1i',1,2023,'2023-09-06 04:09:59',1),(378,'REXITOS','$2y$10$Yjl5cu41cocMMqvbAmWPSOJZMgxdtA6tOx7rD0CXpCLI1vAOyIpqG',1,2023,'2023-09-06 15:54:48',1),(379,'Fondo_de_Pikini','$2y$10$gwx1/AJPtJ2AK0ljeJGKyukKg59uuyfkiqaUcUN4eqfCH4p3Wqg1y',1,2023,'2023-09-06 16:40:29',1),(380,'BOTARDOS','$2y$10$DDaSDXnL537OxT/96ZWYHemCbEon3QAp0hRSvE8ctsxD/qmtE8CLa',1,2023,'2023-09-06 17:01:57',0),(381,'PAPULINCES','$2y$10$ofbwPmloqoVghjFSxM74OeOGxF5e84iTyt6e/pTn5rOZUn1VDiGS.',1,2023,'2023-09-06 20:14:13',1),(382,'Hooty','$2y$10$cdE/OK5yWiIYiBy.tgLyleStQXz6LT2cpBkO.dxvVJPUsV2sex6vG',1,2023,'2023-09-06 21:15:03',1),(383,'DINAMIKE_2.0','$2y$10$OgeGPMnlxRI1aLQWKeN5aO.E2yCP91BOGQHYwPCmx2jW4koHLW4Ue',1,2023,'2023-09-06 21:55:57',1),(384,'Muris_Pa','$2y$10$yx6/KljZds1SmETFN/b0ROjczoanccSaRuHFtsfxkJ7b83q9gVcyO',1,2023,'2023-09-07 04:57:45',1),(385,'Unidas_por_el_objetivo','$2y$10$98RYft/Bwoo6tK97xX.n2uQS3jGqznoXzs8QrsoK1mmYA9aFROOhy',1,2023,'2023-09-07 05:05:35',1),(386,'Moroni_Team','$2y$10$emTMZoi8eaF53Wfbi8V5POXiJjljlCJ9CKaVvCL9lQPr/FhWoZ78C',1,2023,'2023-09-07 05:25:26',1),(387,'Einsteins-XS','$2y$10$WGx3TtHUWM/.deICKOBtEe5FTuyLOhkhPRbAYJATlcsHeMm2QlSAe',1,2023,'2023-09-07 15:01:18',1),(388,'Panini_al_cubo','$2y$10$kKCIUNtMCmBNIiS6aPjShOF/g22zvX0oN89bsyYY7oogbsDbyeaJW',1,2023,'2023-09-08 04:40:02',1),(389,'cobacholos3000','$2y$10$/4PcmXwQHtBxnbSiaZEZXeZaqFsSPgxJxAPOgctXlpXWMV4UZOpE6',1,2023,'2023-09-08 21:42:09',1),(390,'PJJ','$2y$10$O4Wo4M8Ell9CEVQvIPz6WuMSLLUm8R0BGXxRNvZeer/SZoD2eEA6m',1,2023,'2023-09-08 21:59:58',1),(391,'Luxitas','$2y$10$RPT39Rmw.XbN/raNWWP75.AAJHzsaNmi6..uOotxNG7uLfMafmXky',1,2023,'2023-09-09 05:27:12',1),(392,'Conalep','$2y$10$6Dx8uOSNKEEPiZtkaGT0zu8yP.RjNW5DHh/78e.KM51nqFuBFhNMW',1,2023,'2023-09-09 21:05:42',1),(393,'The_Division','$2y$10$G9uEOW1CyiUur.Pga2irROWpZk342EVyVAz8PjzRgrBfI7i0ncjD.',1,2023,'2023-09-10 01:21:32',1),(394,'Equipo_cbtis188','$2y$10$IfFM.lJbB1Vb2w8FH3g98OVfo1og1bp3M/DtnFCFhSTG1Xon4TYJ6',1,2023,'2023-09-11 03:52:44',1),(395,'CBTis_81_Agua_Prieta','$2y$10$0Fo3447cWn4X0TlIJPnMWuORSGLgoHpfs9VMEAOX0wN3danpTtM/C',1,2023,'2023-09-11 20:34:46',1),(396,'JoyBoys','$2y$10$rI9gIAnNbOGjY6NgSnVtt.uKk0ewUCdG72QnZOmN2vU1Ei/Of2NQu',1,2023,'2023-09-11 21:01:52',1),(397,'SIN_MIEDO_AL_ÉXITO','$2y$10$dZF05s5wwhmEre/XLCaDEevXh4myco6yi94cjVIZbTTSScizbO6gq',1,2023,'2023-09-11 23:46:27',1),(398,'PANTERAS_CB207','$2y$10$oH4ou1XhkVwKuiK2DoLU0OKXOVuDXVoFaQOYbSwRqUEAUeBgl515.',1,2023,'2023-09-11 23:53:28',1),(399,'O+T=3','$2y$10$7wNnsL56r69UvqdQ0HzTEeTetRainuonycklZySFwnAVyDzLkpKju',1,2023,'2023-09-12 04:49:18',1),(400,'Eureka','$2y$10$5W86vTi53ppQOIu7aa1I6eWHwUow/nZX7xE63L2UR4BoWhWBX3Iea',1,2023,'2023-09-12 15:30:15',1),(401,'Los_exponencales','$2y$10$jjXq0XmRj3hqToBjew6C0.4xId8moS6QW32JfdKE4R1msOBRR6dSe',1,2023,'2023-09-12 15:41:36',1),(402,'KDA','$2y$10$I.SZO6jp2R66DxepR7En/eFjf/O6x8MsMZ9E6das8pir4bXdo3Z9W',1,2023,'2023-09-12 15:58:13',1),(403,'THE_ELEC_TIGERS','$2y$10$SLIWE7D0U0ToNKevJUmgAuJzNI4sS7GIeoMvv2QE403O5ofFF.tLK',1,2023,'2023-09-12 16:18:26',1),(404,'Contañoños','$2y$10$xUk3xfuRsJSL9EyTlsHwOevl2EpExrbH70LJWQG1h.2BLD4mRzCYq',1,2023,'2023-09-12 17:22:48',1),(405,'Programadores_sin_futuro','$2y$10$Z2W3ErftH5l8VOyxIljbUeRiMsCKkVvknD4adKNGpjituNRMyNwXq',1,2023,'2023-09-12 18:12:55',1),(406,'RRS','$2y$10$0SK78H6vjxdUu1rmmMKHUuMHKlJOzYg13/CiN7U0jfyv/w5Q5VXOq',1,2023,'2023-09-12 19:51:44',0),(407,'PHI','$2y$10$puuJ4xGwpB9b5hMcz3iG3Oo2fKgcF/0BSZW3L16G901fun0eNlb5i',1,2023,'2023-09-12 21:06:07',1),(408,'Las_500','$2y$10$mspLn0PqGjQTJIFuA2U04u3OfSa.5l1pv7xqRmMrQ1bnDQunum7LS',1,2023,'2023-09-12 21:36:31',1),(409,'Los_mateburros','$2y$10$e3smqbvcNlK8.ERUJNGJt.0J3FOygrDCdAAogn7JEpEtt0dQMkmLu',1,2023,'2023-09-12 22:52:13',1),(410,'HawKillers','$2y$10$s88GmdemoVOCzigu7rX/d.e8fqe.e/jZ3SOF/06Ft./Ghy8lhPZWO',1,2023,'2023-09-13 15:52:20',1),(411,'301','$2y$10$BsrRshriGH1yN6u8eoLi3em./hxhDq/EpDqCuQWtWVxhlHA2sKlqq',1,2023,'2023-09-13 16:54:48',1),(412,'drop','$2y$10$YqSdcltcpevR/b3sGlrC1emHJOe6bxeQFUZMYPA.LL59WD8YB28FC',1,2023,'2023-09-13 17:53:28',1),(413,'ARK','$2y$10$/3oaVYrBi7DUn24/BKqY0ummjMJPIhyl8Ns9XlHO4zmh4w/mYBNAS',1,2023,'2023-09-13 18:33:39',1),(414,'Los_Pollos_Hermanos','$2y$10$ESSqPti3/BClabBgPZ2e/uiwMI8565NsxpSR4f7WFuZIG3zUceMeC',1,2023,'2023-09-13 18:53:22',1),(415,'CACHORROS_DEL_DESIERTO','$2y$10$qUBE.HWRBmyEcx2ZBsHCE.x7OkmdG78OSnNYZiJq9ydczNAWVvk7C',1,2023,'2023-09-13 19:57:11',1),(416,'los_siqueiros','$2y$10$dd7uCvAHQJqKtnBvNavWPuPxdl7OqldLzCJYTKxnf94emFRMP7Dre',1,2023,'2023-09-13 20:05:16',0),(417,'los_pisteiros','$2y$10$snq3tTsJKjhG9eNMt1YQCuCvoSh59T4eOV2.VyZIV5iD35YkkJA2u',1,2023,'2023-09-13 20:17:19',0),(418,'loskomander','$2y$10$dQt5ITbTO7dXV1/7YtdbPe7yOpOxXYTXdL.dRmDk7jtpr1yem8yp6',1,2023,'2023-09-13 20:28:14',0),(419,'El_Trio_Dinamico','$2y$10$r8PniacirOeY6Eel.DfS9.ARpY9SSDQ12mU6ZRz7N0bXYiG27.ZhO',1,2023,'2023-09-13 21:28:40',1),(420,'cobacholos','$2y$10$.fmiDHGurFgRH7MZ038reewFc.AX7hmYotJlhLXOwxRy3MdkUK.ru',1,2023,'2023-09-13 22:51:06',1),(421,'HP_MATRACA','$2y$10$HY..58jrWUwWZuisp2cDW.bH9JJ0MG179PxSuiqn3bTb/TR0wZihC',1,2023,'2023-09-13 22:55:10',1),(422,'Los_pelones2','$2y$10$WJaqbE9544PPZSKXBnCoOe9vibP.eB3erYaj8pvhCJVrDuBy0TSFm',1,2023,'2023-09-13 23:39:09',1),(423,'Los_tri-ángulos','$2y$10$D/5sZAdPa1r5cW5uAMJsdeKaKWj8PgwNDp9qoxGTVXW/zRoc8HmdG',1,2023,'2023-09-14 14:51:58',1),(424,'Los_exponenciales','$2y$10$x2LDF/8C50z6j1VMh/L5WOPxSvSABiEkab20DdnlbWluYK./wvIQS',1,2023,'2023-09-14 16:07:45',1),(425,'LOS_RELATIVOS','$2y$10$XlfPea5h0vdJ.TN9.orBFOTdzLLmKfYIpWOUgqBBvAqKsDm19R1pq',1,2023,'2023-09-14 16:51:34',1),(426,'Trigonométricos','$2y$10$lZV/k.twDi4k0bn58KvW/eADPS8gkbky8Z.EU/bF2QJ3ouQULJTJC',1,2023,'2023-09-14 17:13:36',1),(427,'LOS_MATEMAGICOS','$2y$10$u2t0zYJKyoDzipOKZNAzguXpXoiwhKIxezf1UPaNfj1xoC5m4yW5G',1,2023,'2023-09-14 17:44:20',1),(428,'Zainos','$2y$10$PEjrrriVwsKXDovODP6eleSu7GMUDyrq1TIPKCpuBavH7i0ZazK8O',1,2023,'2023-09-14 18:10:56',1),(429,'COBACH_ESPEC','$2y$10$x3hje4/K1UXXPaZmlr9K4.jsk6ZwbPLyTml8t53v1QoW7N8wmEEce',1,2023,'2023-09-14 22:18:19',1),(430,'VAM','$2y$10$NMg36wv1yH3lPBl5xTXD4ewonjezjk8z7SkdPyPgb/7aPTd.HW7Ye',1,2023,'2023-09-14 23:06:44',1),(431,'Equipo_A','$2y$10$1p7Eoj7Io.2zNZx3bPdrOuxLCdJlHGLoGwEesTIHlVsyH0dOZCIcy',1,2023,'2023-09-15 01:07:35',1),(432,'MATH-LOVER','$2y$10$Xx45bO1X2I1cP4KFkg.A/uTCOF7Jj/JiKPsVyiowZKBzQQFxxVTyO',1,2023,'2023-09-15 04:16:40',1),(433,'Números_Maestros','$2y$10$OAfrWzFAOuF1g6ufIGvHM.Sry7MeiSRPwC7tYlP6dlw4XgbsYQ0kC',1,2023,'2023-09-15 06:04:54',1),(434,'Los_3_furiosos','$2y$10$1sBYvV.fhgSWavtbBzGDle96/6Rr.S4SzIxdEl3sjnyybtv6F82J2',1,2023,'2023-09-15 07:01:07',1),(435,'Thezianas','$2y$10$4gKzEJbfuw.1PW1ms0qTkOgofCQOstyA2cOECguzOXxSXuzRfq.Lu',1,2023,'2023-09-15 15:51:46',1),(436,'Los_Problema-ticos','$2y$10$eIsD5Wt9seWTnDzbbNq3I.7VNSj7Y/WG23SRihmrdblCsdORRPOya',1,2023,'2023-09-15 16:05:50',1),(437,'los_pitagóricos','$2y$10$gDx2LbO4aQuO3DT/.Bbw2ub6t8MAEFRgnZHFKI7l.g1q0Xzm6kiN2',1,2023,'2023-09-15 16:30:22',1),(438,'MAP','$2y$10$9TXs6L.B9R5WzDEWl2WRGuKYMtIm4Cz94/TMXn2Ju91/AzYGKAfVe',1,2023,'2023-09-15 16:31:31',0),(439,'ISFA','$2y$10$qxo6PZNjL8UfWmmkeQaKeOlVXo7jM5w8xs379PLXSbMK2eww9wy3C',1,2023,'2023-09-15 16:39:00',1),(440,'Los_Skibidi','$2y$10$8A9JOuRN21pWepoMmfyKjuJc7hr04DPJfpBd8Jigbpq3wTuD.yBu.',1,2023,'2023-09-15 16:58:16',1),(441,'Los_mapaches_enmascarados','$2y$10$6G6YQl2cscpKDXsjRYQdpe5ZUezw7MFiqQj4hOBCp7B9g1tHVLesi',1,2023,'2023-09-15 17:16:12',1),(442,'Irish_team','$2y$10$FGtJy4YEjwb/Rz3dlkpuLeL6BbIxTvXvIymFPS8pWoZY.NYYf.Guy',1,2023,'2023-09-15 18:16:25',1),(443,'Miel','$2y$10$O6IRIsPoPHITpr/nzmdI3uXIP6vWY8sPdHOKcnNedsB/Pw3.FiEry',1,2023,'2023-09-15 18:22:07',1),(444,'MIA','$2y$10$I1fXGi1EjsRysxJGVZizaexuV8f7xNKxy2u1rcEQszctpKK8RA7ke',1,2023,'2023-09-15 18:48:25',1),(445,'MATIS','$2y$10$n1FSo64vs44hgPP99evQcuoaa37lvRb7Y/QNlPsTskXXzgX2WSHgu',1,2023,'2023-09-15 18:53:16',1),(446,'VMG','$2y$10$mPmUCfSrFzBUdRvhoABSA.K/8RrVMxI3WWmmK2XE9qzqRLPbATrbu',1,2023,'2023-09-15 18:56:07',0),(447,'sixers','$2y$10$prn9ErXUtpUwH13Rll8muexuKsD5NlagJkdaHO451iIgsIbJ.zUp6',1,2023,'2023-09-15 18:59:58',1),(448,'MATHEZ','$2y$10$2ZqLYcuBk6R3UITRlW9ThODEezrM/OcNzYS3EGTcmMB5CFpry.owy',1,2023,'2023-09-15 19:07:33',1),(449,'LAM','$2y$10$74jSZzDBwog84VpFhjjAMeKHGX5afbvJ295iyRi51flia/Ihyv7yu',1,2023,'2023-09-15 20:13:44',0),(450,'THE_WINNERS','$2y$10$qZQ667RCTzKNcpS1fbHfUu60nNfvbBMLg.N6ZW5NrC6ddUJrV.tHm',1,2023,'2023-09-15 20:17:37',0),(451,'VAL','$2y$10$FqtAhwXlnivRW.bF7US8feVzPa7OLws9UqB2NtlJXxiVzge2lpIHS',1,2023,'2023-09-15 20:22:26',0),(452,'LAS_3_MATEMATICAS','$2y$10$f3aUitmcHRZ1ANISSnp/burp4LWvlZ72IlLMngHfsvx1P7Q9OVA/q',1,2023,'2023-09-15 20:26:13',0),(453,'Golden_Team','$2y$10$2qTdBt3/BV6hg63w66qzjex7DymE3jRG60FLIgYNNw0VKeG6AdEhC',1,2023,'2023-09-15 20:34:10',1),(454,'CBV','$2y$10$x/UxSs4WR4Y4KZ6lR0iFAenoGCXheJg.tHTri/cz9zwtIQasLNSUm',1,2023,'2023-09-15 20:36:57',0),(455,'Los_puercoespín','$2y$10$HBX4Dj5wuiZsRG23bCx4YujiwVJfx1uVSTwyP0M1HvYV2vbVNNb.m',1,2023,'2023-09-15 21:54:54',1),(456,'La_compañía_del_cálculo','$2y$10$RfOwBK6bzkYfP7VK4QdIPeYRHgK87lu6w3wV5WK3Q8u.paQ/q4no6',1,2023,'2023-09-15 22:11:59',1),(457,'UnidosPorElObjetivo','$2y$10$eVb9FEoSurLymVwd7OSaM.JdcZHpzZ6VcD4mTSJQrh7Oiv.rqHQka',1,2023,'2023-09-15 23:26:53',1),(458,'LOBOS_ARH','$2y$10$G8aXzmZ9cfUqCr1FBcG9kOZ2II4TXTy.6xuhegHDNDRDZxxJw7wqa',1,2023,'2023-09-16 00:03:25',0),(459,'LOBOS_LQU','$2y$10$xI7NCn68FEI4II8roDX0ReFLIcjdnxabI9Dds54QNjd03YHNaMOty',1,2023,'2023-09-16 00:04:56',1),(460,'LOBOS_PRG','$2y$10$UR0PxtNbgDLkeFY.n.qlve3DsMxgaZgKMpDy0i4npEju/0evA4KlK',1,2023,'2023-09-16 00:11:07',1),(461,'Los_enigmas','$2y$10$3DviZhzjwnPGIl62eWBk8uUwaapKVSwl4EPrWm22NWdmcy58pba/2',1,2023,'2023-09-16 00:28:13',1),(462,'VAPO','$2y$10$HlmodXTRXcLhUR9wiZEPluBHY0kslHlVBXngGmv3u3pHU3UNyW7mC',1,2023,'2023-09-16 00:34:31',1),(463,'Problemas_y_soluciones','$2y$10$gaZm/3Bg8f5Uj6swex/JYO36Xt34bo3eG6tTxwEJ4N5WjK7SlfJui',1,2023,'2023-09-16 00:59:13',1),(464,'albañiles_del_132','$2y$10$pC13hfnw2n1WRHi/3M6.iOwoGcuobeH7.dUFLgsdSA8fXON1RELja',1,2023,'2023-09-16 01:03:06',1),(465,'Los_mateatléticos','$2y$10$4Xm.mwkxJP3E5NIixeqQZuPszMYsWA.COJTuFYp/hmzRKwwHu07FS',1,2023,'2023-09-16 01:06:59',1),(466,'Los_barbaros','$2y$10$ZiGSSAWP.FDCxCC90LeacuIXzFlqhptB3dLEfyAJvPHTT/tJzqHu2',1,2023,'2023-09-16 01:13:59',1),(467,'Alfa_buena_maravilla_onda_dinamita_escuadrón_lobo','$2y$10$wlHFguo3QNcEaXdJqby91O.0qOlvZn25lfRRa/zRG2c5MMfqzfU1S',1,2023,'2023-09-16 02:56:36',1),(468,'Espías_de_Barbie','$2y$10$g81itqqdcHT4RxeTQtbO1e4a6VpvRxZs3YCQ7M6XhYdtgcPQG9iKy',1,2023,'2023-09-16 03:06:10',1),(469,'YAR','$2y$10$AapOFYqsLq07Ko3hb6IPiupBG12iHRRP8jYd/ULdOqhVHMfs1bsjm',1,2023,'2023-09-16 03:17:38',1),(470,'Ojos_de_Ajolote','$2y$10$qjLg7KejOHClZP2ZuUo49u2pqnsquotUbTHi1RasEo1x47BMh8HhW',1,2023,'2023-09-16 03:56:31',1),(471,'Missy','$2y$10$e94EDaD4Wy9pvjPGJFqXcOmbptYSdKhVux7Ol7rqb4CarggF75dZq',1,2023,'2023-09-16 05:09:35',1),(472,'jose.ruiz@unison.mx','$2y$10$0szU8bUBdPNfgh8xD1ojiezJMg1eJFah./lQ0a7mh3gKdKn6EEIce',3,2023,'2023-09-16 05:48:28',1),(473,'marysol.navarro@unison.mx','$2y$10$b63HikUkeHXaSG8EBb.Nyez1N2f1qd3TapbTVVP8X/FOWOLNaiDLq',3,2023,'2023-09-16 05:49:40',1),(474,'browniegalleta','$2y$10$9faOu1RpkKb0wc/K.WYbf.vWVShUehGuUo3Z7LAxbvwPBC6ty9bMu',1,2023,'2023-09-16 07:17:24',1),(475,'Alfa_Team','$2y$10$909hwXT67xzEGRXrroQcue4KUYi5PZr7qhNgzrmHGxAtFbvtjFPTq',1,2023,'2023-09-18 06:05:18',1),(476,'Los_tres_titanes','$2y$10$CEhG8tTOJ2..q7ybUu92Pu0MIy.tSfVXKEqJvbgEPo.jJOsHTwGMO',1,2023,'2023-09-18 17:57:58',1),(477,'MateChickens','$2y$10$18QrnJqhBPwCvDURhue4sOSTKmB/swcPD3K9VcRHo/abYsodCUMlK',1,2023,'2023-09-18 19:45:48',1),(478,'OPPEINSTELL','$2y$10$4crcszmvUkBa3fmXulWQ..kFcOCBOWb/yIGatElIaCtGjeDZAETpu',1,2023,'2023-09-18 20:08:08',1),(479,'Los_consentidos','$2y$10$VFIOcxyenG.dJvLV5B6fFeQoiTRb.REpM4xVbefME2BOPkgQMitk.',1,2023,'2023-09-18 22:25:30',1),(480,'MATHNIACS','$2y$10$8q1egTsDYq7yw9K5gbX5v.ne/LehT3KxsYikuCE03GyiiQNZ..CtC',1,2023,'2023-09-19 00:05:14',1),(481,'queso','$2y$10$o5n.vVlTUV2erlUN.CufO.3n4ZiSh./o.OqO6GI1GjU8fxM2UpLXy',1,2023,'2023-09-19 02:48:47',1),(482,'Chicken_Mcnugget','$2y$10$p.FjCFGpHgbbCf1xQGQRDuvOxVGUL9UxtF.TSp3pGvv2O4U2L.8Ce',1,2023,'2023-09-19 05:28:36',1),(483,'maricela.armenta@unison.mx','$2y$10$9DPtvEpIlZfXhj35u3CCRud3FWEpEa5pN9d7VtJIdu.UBVyBH1f1i',3,2023,'2023-09-27 00:40:12',1),(484,'mauricio.toledo@unison.mx','$2y$10$W04OHihaQ2sZ/V3aKtUKbu/UGD5w42xdatXzicrdRosE02T1MdZNy',3,2023,'2023-09-27 00:43:52',1),(485,'angelica.morenoduraz@unison.mx','$2y$10$nH/wLt56EFIOKzx7Aat19OjWhK5pMcScHu.19FXqSvjokHRqbuzVK',3,2023,'2023-09-27 00:44:15',1),(486,'alejandra.fonseca@unison.mx','$2y$10$iSb.02Vzba1TYjr4nusl.uo1sqvpzfHD3OdazPCWZcTd/LbwOJ.pW',3,2023,'2023-09-27 00:44:47',1),(487,'carmen.higuera@unison.mx','$2y$10$w5iEycukl8ZhfDqFi6WZyujX1GCz13HKtFFrMcDT8OWObqyPD0oSK',3,2023,'2023-09-27 00:45:13',1),(488,'luisrene.sanmartin@unison.mx','$2y$10$Zhb3rFGN7gFf6PnRwtYhV.SgbjjYOemMElOj8ImytzPt.w5ScyAsa',3,2023,'2023-09-27 00:50:22',1),(489,'eduardo.velasco@unison.mx','$2y$10$OzqzjZQ1IjzEE/cEtB7YKui4rTpp7HZL9WmdH6BSzUl0wfxOqbRGq',3,2023,'2023-09-27 00:50:45',1),(490,'carolina.espinoza@unison.mx','$2y$10$ucsy8A2Xzs0tx7wZMRvT6uCcxXcoKdoASD4VZhPKb2wuYytjUMHnm',3,2023,'2023-09-27 00:51:09',1),(491,'daniel.olmos@unison.mx','$2y$10$vjcMLumy/4vs3r2bjQLqKuqaC8Utsiq13m8Ztn9i62kDWDyl6rSTi',3,2023,'2023-09-27 00:51:21',1),(520,'meroh86820@acname.com','$2y$10$8pIYPH3SEgCAsN5BlGc4UOI2oQGlE4vmAverWLuN9wlSuuIVk9pCC',2,2024,'2024-04-11 01:32:28',1),(521,'cevoy25455@agaseo.com','$2y$10$Bg5HzpbBF7A5prtQBo/9SO7z5UWnTMJ.5FRRrUY7W7azQuLlMnZoO',3,2024,'2024-04-11 01:45:58',1),(522,'xabila5984@agaseo.com','$2y$10$Wc50dairMVHnYOopqXf5wOMkHO1D9axHNwnGqpOFr6uuL62lZbgmK',2,2024,'2024-04-11 19:37:51',1),(523,'adrianvo@nada2.com','da39a3ee5e6b4b0d3255bfef95601890afd80709',3,2023,'2024-04-12 20:08:12',1),(524,'wigela1786@centerf.com','da39a3ee5e6b4b0d3255bfef95601890afd80709',3,2024,'2024-04-12 23:43:10',1),(525,'sogegiw753@centerf.com','da39a3ee5e6b4b0d3255bfef95601890afd80709',2,2024,'2024-04-13 01:17:46',1),(526,'ConsejoJedi@unison.mx','da39a3ee5e6b4b0d3255bfef95601890afd80709',3,2024,'2024-04-13 02:36:32',1),(527,'kohaboj924@abnovel.com','da39a3ee5e6b4b0d3255bfef95601890afd80709',2,2024,'2024-04-15 18:52:01',1),(528,'jomelek669@abnovel.com','da39a3ee5e6b4b0d3255bfef95601890afd80709',2,2024,'2024-04-15 19:08:21',1),(529,'heyif37622@eryod.com','da39a3ee5e6b4b0d3255bfef95601890afd80709',2,2024,'2024-04-15 19:12:46',1),(530,'adrianvo@gmail.com','da39a3ee5e6b4b0d3255bfef95601890afd80709',3,2025,'2024-04-15 20:45:56',1),(531,'uiuad@ihvs.com','da39a3ee5e6b4b0d3255bfef95601890afd80709',3,2023,'2024-04-19 22:33:45',1),(532,'deyir53985@acname.com','da39a3ee5e6b4b0d3255bfef95601890afd80709',2,2025,'2024-04-22 04:43:43',1),(533,'legipex344@acname.com','da39a3ee5e6b4b0d3255bfef95601890afd80709',2,2024,'2024-04-22 04:55:50',1),(534,'dolera2878@buzblox.com','da39a3ee5e6b4b0d3255bfef95601890afd80709',2,2030,'2024-04-25 06:08:53',1),(535,'lifif13617@funvane.com','da39a3ee5e6b4b0d3255bfef95601890afd80709',3,2024,'2024-04-25 06:28:08',1),(536,'iahfisf@jnguiw.com','da39a3ee5e6b4b0d3255bfef95601890afd80709',2,2024,'2024-05-02 07:06:00',1),(537,'iohaf@igbnew.com','da39a3ee5e6b4b0d3255bfef95601890afd80709',2,2024,'2024-05-02 07:07:27',1),(538,'jifha@uihgw.com','da39a3ee5e6b4b0d3255bfef95601890afd80709',3,2024,'2024-05-02 07:09:34',1),(539,'asjbfa@oihgwe.com','da39a3ee5e6b4b0d3255bfef95601890afd80709',3,2024,'2024-05-02 07:57:32',1),(540,'rocini8567@agafx.com','da39a3ee5e6b4b0d3255bfef95601890afd80709',2,2024,'2024-05-03 06:55:10',1),(541,'rocini8567@agafx.com','da39a3ee5e6b4b0d3255bfef95601890afd80709',2,2025,'2024-05-03 06:57:41',1),(542,'rocini8567@agafx.com','da39a3ee5e6b4b0d3255bfef95601890afd80709',2,2026,'2024-05-03 07:05:49',1),(543,'ConsejoJedi@unison.mx','da39a3ee5e6b4b0d3255bfef95601890afd80709',3,2025,'2024-05-03 08:36:41',1),(544,'fabian@unison.com','da39a3ee5e6b4b0d3255bfef95601890afd80709',3,2024,'2024-05-03 08:37:56',1),(545,'jeyov32178@goulink.com','da39a3ee5e6b4b0d3255bfef95601890afd80709',3,2025,'2024-05-08 08:37:06',1),(546,'mafyepadri@gufum.com','da39a3ee5e6b4b0d3255bfef95601890afd80709',2,2024,'2024-05-24 20:25:50',1);
/*!40000 ALTER TABLE `usuario` ENABLE KEYS */;
UNLOCK TABLES;

--
-- Current Database: `mateprepa`
--

USE `mateprepa`;

--
-- Final view structure for view `clasificatoria`
--

/*!50001 DROP TABLE IF EXISTS `clasificatoria`*/;
/*!50001 DROP VIEW IF EXISTS `clasificatoria`*/;
/*!50001 SET @saved_cs_client          = @@character_set_client */;
/*!50001 SET @saved_cs_results         = @@character_set_results */;
/*!50001 SET @saved_col_connection     = @@collation_connection */;
/*!50001 SET character_set_client      = utf8 */;
/*!50001 SET character_set_results     = utf8 */;
/*!50001 SET collation_connection      = utf8_general_ci */;
/*!50001 CREATE ALGORITHM=UNDEFINED */
/*!50013 DEFINER=`mateprepa`@`localhost` SQL SECURITY DEFINER */
/*!50001 VIEW `clasificatoria` AS select `equipo`.`equipo_nombre` AS `equipo_nombre`,`equipo`.`escuela_cct` AS `escuela_cct`,`escuela`.`nombre` AS `escuela_nombre`,sum(`respuesta_reactivo`.`puntos_conseguidos`) AS `puntos` from ((`respuesta_reactivo` join `equipo` on(`equipo`.`equipo_id` = `respuesta_reactivo`.`equipo_id`)) join `escuela` on(`equipo`.`escuela_cct` = `escuela`.`cct`)) group by `respuesta_reactivo`.`equipo_id` order by sum(`respuesta_reactivo`.`puntos_conseguidos`) desc */;
/*!50001 SET character_set_client      = @saved_cs_client */;
/*!50001 SET character_set_results     = @saved_cs_results */;
/*!50001 SET collation_connection      = @saved_col_connection */;

--
-- Final view structure for view `escuela_bc`
--

/*!50001 DROP TABLE IF EXISTS `escuela_bc`*/;
/*!50001 DROP VIEW IF EXISTS `escuela_bc`*/;
/*!50001 SET @saved_cs_client          = @@character_set_client */;
/*!50001 SET @saved_cs_results         = @@character_set_results */;
/*!50001 SET @saved_col_connection     = @@collation_connection */;
/*!50001 SET character_set_client      = utf8 */;
/*!50001 SET character_set_results     = utf8 */;
/*!50001 SET collation_connection      = utf8_general_ci */;
/*!50001 CREATE ALGORITHM=UNDEFINED */
/*!50013 DEFINER=`mateprepa`@`localhost` SQL SECURITY DEFINER */
/*!50001 VIEW `escuela_bc` AS select `escuela`.`cct` AS `cct`,`escuela`.`nombre` AS `nombre` from `escuela` where `escuela`.`cct` like '02%' */;
/*!50001 SET character_set_client      = @saved_cs_client */;
/*!50001 SET character_set_results     = @saved_cs_results */;
/*!50001 SET collation_connection      = @saved_col_connection */;

--
-- Final view structure for view `escuela_cobach_son`
--

/*!50001 DROP TABLE IF EXISTS `escuela_cobach_son`*/;
/*!50001 DROP VIEW IF EXISTS `escuela_cobach_son`*/;
/*!50001 SET @saved_cs_client          = @@character_set_client */;
/*!50001 SET @saved_cs_results         = @@character_set_results */;
/*!50001 SET @saved_col_connection     = @@collation_connection */;
/*!50001 SET character_set_client      = utf8 */;
/*!50001 SET character_set_results     = utf8 */;
/*!50001 SET collation_connection      = utf8_general_ci */;
/*!50001 CREATE ALGORITHM=UNDEFINED */
/*!50013 DEFINER=`mateprepa`@`localhost` SQL SECURITY DEFINER */
/*!50001 VIEW `escuela_cobach_son` AS select `escuela`.`cct` AS `cct`,`escuela`.`nombre` AS `nombre` from `escuela` where `escuela`.`cct` like '26ECB%' */;
/*!50001 SET character_set_client      = @saved_cs_client */;
/*!50001 SET character_set_results     = @saved_cs_results */;
/*!50001 SET collation_connection      = @saved_col_connection */;

--
-- Final view structure for view `escuela_son`
--

/*!50001 DROP TABLE IF EXISTS `escuela_son`*/;
/*!50001 DROP VIEW IF EXISTS `escuela_son`*/;
/*!50001 SET @saved_cs_client          = @@character_set_client */;
/*!50001 SET @saved_cs_results         = @@character_set_results */;
/*!50001 SET @saved_col_connection     = @@collation_connection */;
/*!50001 SET character_set_client      = utf8 */;
/*!50001 SET character_set_results     = utf8 */;
/*!50001 SET collation_connection      = utf8_general_ci */;
/*!50001 CREATE ALGORITHM=UNDEFINED */
/*!50013 DEFINER=`mateprepa`@`localhost` SQL SECURITY DEFINER */
/*!50001 VIEW `escuela_son` AS select `escuela`.`cct` AS `cct`,`escuela`.`nombre` AS `nombre` from `escuela` where `escuela`.`cct` like '26%' */;
/*!50001 SET character_set_client      = @saved_cs_client */;
/*!50001 SET character_set_results     = @saved_cs_results */;
/*!50001 SET collation_connection      = @saved_col_connection */;

--
-- Final view structure for view `revision_pendiente`
--

/*!50001 DROP TABLE IF EXISTS `revision_pendiente`*/;
/*!50001 DROP VIEW IF EXISTS `revision_pendiente`*/;
/*!50001 SET @saved_cs_client          = @@character_set_client */;
/*!50001 SET @saved_cs_results         = @@character_set_results */;
/*!50001 SET @saved_col_connection     = @@collation_connection */;
/*!50001 SET character_set_client      = utf8 */;
/*!50001 SET character_set_results     = utf8 */;
/*!50001 SET collation_connection      = utf8_general_ci */;
/*!50001 CREATE ALGORITHM=UNDEFINED */
/*!50013 DEFINER=`mateprepa`@`localhost` SQL SECURITY DEFINER */
/*!50001 VIEW `revision_pendiente` AS select `equipo`.`equipo_nombre` AS `equipo_nombre`,`examen`.`examen_titulo` AS `examen_titulo`,`reactivo_exam`.`reactivo_n` AS `reactivo_n`,`reactivo_exam`.`reactivo_id` AS `reactivo_id` from (((`respuesta_reactivo` join `equipo` on(`equipo`.`equipo_id` = `respuesta_reactivo`.`equipo_id`)) join `reactivo_exam` on(`respuesta_reactivo`.`reactivo_id` = `reactivo_exam`.`reactivo_id`)) join `examen` on(`examen`.`examen_id` = `reactivo_exam`.`examen_id`)) where `respuesta_reactivo`.`puntos_conseguidos` is null order by `examen`.`examen_titulo`,`reactivo_exam`.`reactivo_n`,`equipo`.`equipo_nombre` */;
/*!50001 SET character_set_client      = @saved_cs_client */;
/*!50001 SET character_set_results     = @saved_cs_results */;
/*!50001 SET collation_connection      = @saved_col_connection */;
/*!40103 SET TIME_ZONE=@OLD_TIME_ZONE */;

/*!40101 SET SQL_MODE=@OLD_SQL_MODE */;
/*!40014 SET FOREIGN_KEY_CHECKS=@OLD_FOREIGN_KEY_CHECKS */;
/*!40014 SET UNIQUE_CHECKS=@OLD_UNIQUE_CHECKS */;
/*!40101 SET CHARACTER_SET_CLIENT=@OLD_CHARACTER_SET_CLIENT */;
/*!40101 SET CHARACTER_SET_RESULTS=@OLD_CHARACTER_SET_RESULTS */;
/*!40101 SET COLLATION_CONNECTION=@OLD_COLLATION_CONNECTION */;
/*!40111 SET SQL_NOTES=@OLD_SQL_NOTES */;

-- Dump completed on 2024-05-24 13:30:39
